date,rebalance_date,value,n_stocks,valid_stocks,normalized_value,cumulative_value,daily_return,peak,drawdown,year_month
2017-10-02,2017-10-02,1.0,20,20,1.0,1.0,,1.0,0.0,2017-10
2017-10-03,2017-10-02,1.0112152553364597,20,20,1.0112152553364597,1.0112152553364597,0.011215255336459728,1.0112152553364597,0.0,2017-10
2017-10-04,2017-10-02,1.012708768148682,20,20,1.012708768148682,1.012708768148682,0.0014769484581453884,1.012708768148682,0.0,2017-10
2017-10-05,2017-10-02,1.0102505944014095,20,20,1.0102505944014095,1.0102505944014095,-0.002427325431146543,1.012708768148682,-0.0024273254311465773,2017-10
2017-10-06,2017-10-02,1.0089686472148842,20,20,1.0089686472148842,1.0089686472148842,-0.0012689397993226326,1.012708768148682,-0.003693185100623726,2017-10
2017-10-10,2017-10-02,1.0259258581061848,20,20,1.0259258581061848,1.0259258581061848,0.01680647950568992,1.0259258581061848,0.0,2017-10
2017-10-11,2017-10-02,1.030863505148852,20,20,1.030863505148852,1.030863505148852,0.004812869276715537,1.030863505148852,0.0,2017-10
2017-10-12,2017-10-02,1.0351612367368423,20,20,1.0351612367368423,1.0351612367368423,0.004169059789705054,1.0351612367368423,0.0,2017-10
2017-10-13,2017-10-02,1.0351274835306397,20,20,1.0351274835306397,1.0351274835306397,-3.260671381888347e-05,1.0351612367368423,-3.2606713818894665e-05,2017-10
2017-10-16,2017-10-02,1.0336100705513918,20,20,1.0336100705513918,1.0336100705513918,-0.0014659189359674807,1.0351612367368423,-0.0014984778509871191,2017-10
2017-10-17,2017-10-02,1.034824702576286,20,20,1.034824702576286,1.034824702576286,0.0011751356333498109,1.0351612367368423,-0.0003251031323556978,2017-10
2017-10-18,2017-10-02,1.03041710944022,20,20,1.03041710944022,1.03041710944022,-0.004259265482446484,1.0351612367368423,-0.004582983914252271,2017-10
2017-10-19,2017-10-02,1.0292370596226208,20,20,1.0292370596226208,1.0292370596226208,-0.001145215667313737,1.0351612367368423,-0.005722951076584401,2017-10
2017-10-20,2017-10-02,1.0255107409947297,20,20,1.0255107409947297,1.0255107409947297,-0.00362046682351036,1.0351612367368423,-0.009322698145589439,2017-10
2017-10-23,2017-10-02,1.0349461551211214,20,20,1.0349461551211214,1.0349461551211214,0.009200697515112877,1.0351612367368423,-0.00020777595613890088,2017-10
2017-10-24,2017-10-02,1.0448365866377278,20,20,1.0448365866377278,1.0448365866377278,0.009556469645948695,1.0448365866377278,0.0,2017-10
2017-10-25,2017-10-02,1.0319152020614404,20,20,1.0319152020614404,1.0319152020614404,-0.012366895207860495,1.0448365866377278,-0.012366895207860504,2017-10
2017-10-26,2017-10-02,1.0346711328037645,20,20,1.0346711328037645,1.0346711328037645,0.0026706949726282847,1.0448365866377278,-0.009729228440090897,2017-10
2017-10-27,2017-10-02,1.0507628404464202,20,20,1.0507628404464202,1.0507628404464202,0.015552485357400725,1.0507628404464202,0.0,2017-10
2017-10-30,2017-10-02,1.0554555982093126,20,20,1.0554555982093126,1.0554555982093126,0.00446604845761267,1.0554555982093126,0.0,2017-10
2017-10-31,2017-10-02,1.0618496261136718,20,20,1.0618496261136718,1.0618496261136718,0.006058073797900576,1.0618496261136718,0.0,2017-10
2017-11-01,2017-10-02,1.062965542059281,20,20,1.062965542059281,1.062965542059281,0.001050917114971739,1.062965542059281,0.0,2017-11
2017-11-02,2017-10-02,1.062498711722538,20,20,1.062498711722538,1.062498711722538,-0.00043917729998910193,1.062965542059281,-0.0004391772999890538,2017-11
2017-11-06,2017-10-02,1.069624976574793,20,20,1.069624976574793,1.069624976574793,0.006707080934434062,1.069624976574793,0.0,2017-11
2017-11-07,2017-10-02,1.081166578848772,20,20,1.081166578848772,1.081166578848772,0.010790326073852885,1.081166578848772,0.0,2017-11
2017-11-08,2017-10-02,1.0859651163725625,20,20,1.0859651163725625,1.0859651163725625,0.004438296204919645,1.0859651163725625,0.0,2017-11
2017-11-09,2017-10-02,1.0773143132006062,20,20,1.0773143132006062,1.0773143132006062,-0.007966004654783476,1.0859651163725625,-0.007966004654783485,2017-11
2017-11-10,2017-10-02,1.075456069213924,20,20,1.075456069213924,1.075456069213924,-0.0017248856382141575,1.0859651163725625,-0.00967714984597471,2017-11
2017-11-13,2017-10-02,1.0550979909009581,20,20,1.0550979909009581,1.0550979909009581,-0.018929716327553914,1.0859651163725625,-0.02842368047208509,2017-11
2017-11-14,2017-10-02,1.0477093471640906,20,20,1.0477093471640906,1.0477093471640906,-0.007002803342046282,1.0859651163725625,-0.03522743836952819,2017-11
2017-11-15,2017-10-02,1.0277262308584554,20,20,1.0277262308584554,1.0277262308584554,-0.019073148826747488,1.0859651163725625,-0.053628689021468647,2017-11
2017-11-16,2017-10-02,1.0457393324818334,20,20,1.0457393324818334,1.0457393324818334,0.017527140090928484,1.0859651163725625,-0.03704150647591234,2017-11
2017-11-17,2017-10-02,1.0536865244738085,20,20,1.0536865244738085,1.0536865244738085,0.007599591738711942,1.0859651163725625,-0.02972341506380414,2017-11
2017-11-20,2017-10-02,1.0671241545131473,20,20,1.0671241545131473,1.0671241545131473,0.012752967535623938,1.0859651163725625,-0.017349509275536818,2017-11
2017-11-21,2017-10-02,1.0738580936930788,20,20,1.0738580936930788,1.0738580936930788,0.006310361499598516,1.0859651163725625,-0.011148629451307488,2017-11
2017-11-22,2017-10-02,1.0834609595556524,20,20,1.0834609595556524,1.0834609595556524,0.008942397434980043,1.0859651163725625,-0.002305927491736377,2017-11
2017-11-24,2017-10-02,1.0804367945731783,20,20,1.0804367945731783,1.0804367945731783,-0.0027912080779673998,1.0859651163725625,-0.005090699246261631,2017-11
2017-11-27,2017-10-02,1.0847944865623576,20,20,1.0847944865623576,1.0847944865623576,0.004033268777097421,1.0859651163725625,-0.0010779626274877363,2017-11
2017-11-28,2017-10-02,1.07872473650675,20,20,1.07872473650675,1.07872473650675,-0.005595299506768514,1.0859651163725625,-0.006667230610498299,2017-11
2017-11-29,2017-10-02,1.0858803801508596,20,20,1.0858803801508596,1.0858803801508596,0.006633428716283918,1.0859651163725625,-7.802849320423057e-05,2017-11
2017-11-30,2017-10-02,1.087489596189497,20,20,1.087489596189497,1.087489596189497,0.0014819459565278414,1.087489596189497,0.0,2017-11
2017-12-01,2017-10-02,1.0890503523222381,20,20,1.0890503523222381,1.0890503523222381,0.001435191783176526,1.0890503523222381,0.0,2017-12
2017-12-04,2017-10-02,1.0856718794493354,20,20,1.0856718794493354,1.0856718794493354,-0.003102219163419462,1.0890503523222381,-0.003102219163419418,2017-12
2017-12-05,2017-10-02,1.0800670368413499,20,20,1.0800670368413499,1.0800670368413499,-0.005162556674884522,1.0890503523222381,-0.008248760456054837,2017-12
2017-12-06,2017-10-02,1.0633570704885555,20,20,1.0633570704885555,1.0633570704885555,-0.015471230750326859,1.0890503523222381,-0.023592372729961907,2017-12
2017-12-07,2017-10-02,1.0785088181683016,20,20,1.0785088181683016,1.0785088181683016,0.014248974404039716,1.0890503523222381,-0.009679565441082033,2017-12
2017-12-08,2017-10-02,1.0881262988471556,20,20,1.0881262988471556,1.0881262988471556,0.008917387152372003,1.0890503523222381,-0.0008484947212147743,2017-12
2017-12-11,2017-10-02,1.0995615840323905,20,20,1.0995615840323905,1.0995615840323905,0.010509152473706651,1.0995615840323905,0.0,2017-12
2017-12-12,2017-10-02,1.1137713728688778,20,20,1.1137713728688778,1.1137713728688778,0.012923140497848484,1.1137713728688778,0.0,2017-12
2017-12-13,2017-10-02,1.1090975876573488,20,20,1.1090975876573488,1.1090975876573488,-0.004196359616866596,1.1137713728688778,-0.004196359616866624,2017-12
2017-12-14,2017-10-02,1.1169264668540169,20,20,1.1169264668540169,1.1169264668540169,0.0070587829996136,1.1169264668540169,0.0,2017-12
2017-12-15,2017-10-02,1.1082547905708915,20,20,1.1082547905708915,1.1082547905708915,-0.007763873934826138,1.1169264668540169,-0.007763873934826158,2017-12
2017-12-18,2017-10-02,1.1154024661167843,20,20,1.1154024661167843,1.1154024661167843,0.006449487614856864,1.1169264668540169,-0.001364459328755226,2017-12
2017-12-19,2017-10-02,1.115497687011192,20,20,1.115497687011192,1.115497687011192,8.536909079914778e-05,1.1169264668540169,-0.001279206720608323,2017-12
2017-12-20,2017-10-02,1.12048834590866,20,20,1.12048834590866,1.12048834590866,0.004473930296386319,1.12048834590866,0.0,2017-12
2017-12-21,2017-10-02,1.1301444193770833,20,20,1.1301444193770833,1.1301444193770833,0.008617736635710083,1.1301444193770833,0.0,2017-12
2017-12-22,2017-10-02,1.1319404077094448,20,20,1.1319404077094448,1.1319404077094448,0.0015891671025118903,1.1319404077094448,0.0,2017-12
2017-12-25,2017-10-02,1.128629583456221,20,20,1.128629583456221,1.128629583456221,-0.0029249103845701008,1.1319404077094448,-0.0029249103845700583,2017-12
2017-12-26,2017-10-02,1.1253639698256244,20,20,1.1253639698256244,1.1253639698256244,-0.0028934326004429467,1.1319404077094448,-0.0058098799539529665,2017-12
2017-12-27,2017-10-02,1.1355902986701412,20,20,1.1355902986701412,1.1355902986701412,0.009087130136307353,1.1355902986701412,0.0,2017-12
2017-12-28,2017-10-02,1.134150122511301,20,20,1.134150122511301,1.134150122511301,-0.0012682180893290873,1.1355902986701412,-0.0012682180893290639,2017-12
2017-12-29,2017-10-02,1.1359339263053718,20,20,1.1359339263053718,1.1359339263053718,0.0015728110050554633,1.1359339263053718,0.0,2017-12
2018-01-04,2017-10-02,1.1604948884894302,20,20,1.1604948884894302,1.1604948884894302,0.021621822902977206,1.1604948884894302,0.0,2018-01
2018-01-05,2017-10-02,1.1646321576815954,20,20,1.1646321576815954,1.1646321576815954,0.0035650904051378607,1.1646321576815954,0.0,2018-01
2018-01-09,2017-10-02,1.1719563191107858,20,20,1.1719563191107858,1.1719563191107858,0.006288819504838727,1.1719563191107858,0.0,2018-01
2018-01-10,2017-10-02,1.1810815092358404,20,20,1.1810815092358404,1.1810815092358404,0.007786288598177649,1.1810815092358404,0.0,2018-01
2018-01-11,2017-10-02,1.1723552753864686,20,20,1.1723552753864686,1.1723552753864686,-0.0073883417707705235,1.1810815092358404,-0.007388341770770546,2018-01
2018-01-12,2017-10-02,1.1747463521306072,20,20,1.1747463521306072,1.1747463521306072,0.0020395496095246823,1.1810815092358404,-0.005363861050819509,2018-01
2018-01-15,2017-10-02,1.1862067453288425,20,20,1.1862067453288425,1.1862067453288425,0.009755632079597287,1.1862067453288425,0.0,2018-01
2018-01-16,2017-10-02,1.187367575845194,20,20,1.187367575845194,1.187367575845194,0.000978607246099994,1.187367575845194,0.0,2018-01
2018-01-17,2017-10-02,1.1798281404832314,20,20,1.1798281404832314,1.1798281404832314,-0.006349706287537726,1.187367575845194,-0.006349706287537733,2018-01
2018-01-18,2017-10-02,1.1756848581624908,20,20,1.1756848581624908,1.1756848581624908,-0.0035117676707080436,1.187367575845194,-0.009839175264986686,2018-01
2018-01-19,2017-10-02,1.1840924500653662,20,20,1.1840924500653662,1.1840924500653662,0.0071512292129167765,1.187367575845194,-0.002758308249655965,2018-01
2018-01-22,2017-10-02,1.1923256867355467,20,20,1.1923256867355467,1.1923256867355467,0.006953204261817669,1.1923256867355467,0.0,2018-01
2018-01-23,2017-10-02,1.2027262346270942,20,20,1.2027262346270942,1.2027262346270942,0.008722908520089723,1.2027262346270942,0.0,2018-01
2018-01-24,2017-10-02,1.204987963310602,20,20,1.204987963310602,1.204987963310602,0.001880501662299805,1.204987963310602,0.0,2018-01
2018-01-25,2017-10-02,1.2013956268760047,20,20,1.2013956268760047,1.2013956268760047,-0.0029812218411938707,1.204987963310602,-0.0029812218411939093,2018-01
2018-01-26,2017-10-02,1.2067216111651426,20,20,1.2067216111651426,1.2067216111651426,0.004433164371496101,1.2067216111651426,0.0,2018-01
2018-01-29,2017-10-02,1.212850503568571,20,20,1.212850503568571,1.212850503568571,0.0050789613335180395,1.212850503568571,0.0,2018-01
2018-01-30,2017-10-02,1.2005597821997653,20,20,1.2005597821997653,1.2005597821997653,-0.01013374800327227,1.212850503568571,-0.010133748003272219,2018-01
2018-01-31,2017-10-02,1.1957791684323313,20,20,1.1957791684323313,1.1957791684323313,-0.003981987268201315,1.212850503568571,-0.014075382815945331,2018-01
2018-02-01,2017-10-02,1.215949391823462,20,20,1.215949391823462,1.215949391823462,0.01686784978665745,1.215949391823462,0.0,2018-02
2018-02-02,2017-10-02,1.2248717389468315,20,20,1.2248717389468315,1.2248717389468315,0.007337761903058571,1.2248717389468315,0.0,2018-02
2018-02-05,2017-10-02,1.1926125331047872,20,20,1.1926125331047872,1.1926125331047872,-0.026336803125020625,1.2248717389468315,-0.026336803125020604,2018-02
2018-02-06,2017-10-02,1.1170162949629425,20,20,1.1170162949629425,1.1170162949629425,-0.06338709014321797,1.2248717389468315,-0.08805447995446872,2018-02
2018-02-07,2017-10-02,1.1245780107752767,20,20,1.1245780107752767,1.1245780107752767,0.006769566251121795,1.2248717389468315,-0.08188100433910679,2018-02
2018-02-08,2017-10-02,1.1436185822231826,20,20,1.1436185822231826,1.1436185822231826,0.016931303355984584,1.2248717389468315,-0.06633605310668038,2018-02
2018-02-09,2017-10-02,1.1204193049805036,20,20,1.1204193049805036,1.1204193049805036,-0.02028585194687882,1.2248717389468315,-0.08527622170149685,2018-02
2018-02-13,2017-10-02,1.1241420972587362,20,20,1.1241420972587362,1.1241420972587362,0.00332267773474082,1.2248717389468315,-0.08223688936990635,2018-02
2018-02-14,2017-10-02,1.1258633624866825,20,20,1.1258633624866825,1.1258633624866825,0.0015311811844282985,1.2248717389468315,-0.08083162776314715,2018-02
2018-02-15,2017-10-02,1.1409288260405517,20,20,1.1409288260405517,1.1409288260405517,0.01338125393883871,1.2248717389468315,-0.06853200236169675,2018-02
2018-02-16,2017-10-02,1.1599614725601812,20,20,1.1599614725601812,1.1599614725601812,0.016681712377870195,1.2248717389468315,-0.05299352113590393,2018-02
2018-02-19,2017-10-02,1.1856607614355792,20,20,1.1856607614355792,1.1856607614355792,0.022155295226035765,1.2248717389468315,-0.03201231301570131,2018-02
2018-02-20,2017-10-02,1.1880182027660868,20,20,1.1880182027660868,1.1880182027660868,0.001988293285217102,1.2248717389468315,-0.030087669597497695,2018-02
2018-02-21,2017-10-02,1.1881045335639706,20,20,1.1881045335639706,1.1881045335639706,7.266790835602777e-05,1.2248717389468315,-0.03001718809715872,2018-02
2018-02-22,2017-10-02,1.1783641131451847,20,20,1.1783641131451847,1.1783641131451847,-0.008198285709395847,1.2248717389468315,-0.03796938432234134,2018-02
2018-02-23,2017-10-02,1.188929992274551,20,20,1.188929992274551,1.188929992274551,0.008966565606928434,1.2248717389468315,-0.029343273690993852,2018-02
2018-02-26,2017-10-02,1.1997822835081413,20,20,1.1997822835081413,1.1997822835081413,0.009127779855926166,1.2248717389468315,-0.02048333277757117,2018-02
2018-02-27,2017-10-02,1.2096495785353394,20,20,1.2096495785353394,1.2096495785353394,0.008224237982866534,1.2248717389468315,-0.012427554598149572,2018-02
2018-02-28,2017-10-02,1.2064212567650583,20,20,1.2064212567650583,1.2064212567650583,-0.002668807419575203,1.2248717389468315,-0.015063195267806029,2018-02
2018-03-01,2017-10-02,1.193431290650787,20,20,1.193431290650787,1.193431290650787,-0.010767355135222978,1.2248717389468315,-0.025668359630109314,2018-03
2018-03-02,2017-10-02,1.1818804133097542,20,20,1.1818804133097542,1.1818804133097542,-0.009678711653968719,1.2248717389468315,-0.0350986346325878,2018-03
2018-03-05,2017-10-02,1.1607364840066405,20,20,1.1607364840066405,1.1607364840066405,-0.017890075057511057,1.2248717389468315,-0.05236079248210571,2018-03
2018-03-06,2017-10-02,1.1823876625532759,20,20,1.1823876625532759,1.1823876625532759,0.018652966323501552,1.2248717389468315,-0.03468451025744483,2018-03
2018-03-07,2017-10-02,1.1855507299897359,20,20,1.1855507299897359,1.1855507299897359,0.0026751526057280373,1.2248717389468315,-0.03210214400971047,2018-03
2018-03-08,2017-10-02,1.19487503292596,20,20,1.19487503292596,1.19487503292596,0.00786495482677907,1.2248717389468315,-0.02448967109541053,2018-03
2018-03-09,2017-10-02,1.1914717225976128,20,20,1.1914717225976128,1.1914717225976128,-0.0028482562900434827,1.2248717389468315,-0.027268174525715422,2018-03
2018-03-12,2017-10-02,1.203778221733605,20,20,1.203778221733605,1.203778221733605,0.01032882182815209,1.2248717389468315,-0.01722100081381836,2018-03
2018-03-13,2017-10-02,1.218703681849994,20,20,1.218703681849994,1.218703681849994,0.012398845440893647,1.2248717389468315,-0.0050356759003526924,2018-03
2018-03-14,2017-10-02,1.219405685518985,20,20,1.219405685518985,1.219405685518985,0.0005760249020709818,1.2248717389468315,-0.004462551672999151,2018-03
2018-03-15,2017-10-02,1.2303121208752084,20,20,1.2303121208752084,1.2303121208752084,0.008944058147130507,1.2303121208752084,0.0,2018-03
2018-03-16,2017-10-02,1.2241212877314027,20,20,1.2241212877314027,1.2241212877314027,-0.0050319207937264965,1.2303121208752084,-0.005031920793726442,2018-03
2018-03-19,2017-10-02,1.2021683966350352,20,20,1.2021683966350352,1.2021683966350352,-0.01793359148018059,1.2303121208752084,-0.0228752718620317,2018-03
2018-03-20,2017-10-02,1.1967316859120187,20,20,1.1967316859120187,1.1967316859120187,-0.004522420268436744,1.2303121208752084,-0.02729424053735363,2018-03
2018-03-22,2017-10-02,1.207378536618516,20,20,1.207378536618516,1.207378536618516,0.008896606341949775,1.2303121208752084,-0.018640460308867124,2018-03
2018-03-23,2017-10-02,1.1575359093775919,20,20,1.1575359093775919,1.1575359093775919,-0.04128169064568388,1.2303121208752084,-0.05915264123858716,2018-03
2018-03-26,2017-10-02,1.1585097280806171,20,20,1.1585097280806171,1.1585097280806171,0.000841285955049953,1.2303121208752084,-0.058361119569815406,2018-03
2018-03-27,2017-10-02,1.1858683066917453,20,20,1.1858683066917453,1.1858683066917453,0.023615320569172038,1.2303121208752084,-0.03612401554806033,2018-03
2018-03-28,2017-10-02,1.1769342894317045,20,20,1.1769342894317045,1.1769342894317045,-0.007533734740718612,1.2303121208752084,-0.04338560153787024,2018-03
2018-03-29,2017-10-02,1.182839125741654,20,20,1.182839125741654,1.182839125741654,0.005017133380318617,1.2303121208752084,-0.03858613950725243,2018-03
2018-03-30,2017-10-02,1.1905751585334794,20,20,1.1905751585334794,1.1905751585334794,0.006540223960697089,1.2303121208752084,-0.03229827754071157,2018-03
2018-04-02,2017-10-02,1.1975668914975535,20,20,1.1975668914975535,1.1975668914975535,0.005872567484682234,1.2303121208752084,-0.026615383870526196,2018-04
2018-04-03,2017-10-02,1.1894184995645345,20,20,1.1894184995645345,1.1894184995645345,-0.0068041225846093845,1.2303121208752084,-0.033238412120644094,2018-04
2018-04-04,2017-10-02,1.1817456553363848,20,20,1.1817456553363848,1.1817456553363848,-0.006450920538867422,1.2303121208752084,-0.03947491430408312,2018-04
2018-04-05,2017-10-02,1.1799365997710098,20,20,1.1799365997710098,1.1799365997710098,-0.001530833269583698,1.2303121208752084,-0.04094531806153615,2018-04
2018-04-06,2017-10-02,1.1766730487538652,20,20,1.1766730487538652,1.1766730487538652,-0.002765869808409982,1.2303121208752084,-0.04359793845092401,2018-04
2018-04-09,2017-10-02,1.1796426095277321,20,20,1.1796426095277321,1.1796426095277321,0.0025236923519338372,1.2303121208752084,-0.04118427388281877,2018-04
2018-04-10,2017-10-02,1.1806532213348535,20,20,1.1806532213348535,1.1806532213348535,0.0008567101586183234,1.2303121208752084,-0.04036284671001124,2018-04
2018-04-11,2017-10-02,1.1641709143618524,20,20,1.1641709143618524,1.1641709143618524,-0.013960328634318286,1.2303121208752084,-0.05375969673964119,2018-04
2018-04-12,2017-10-02,1.158813443805081,20,20,1.158813443805081,1.158813443805081,-0.004601962212488431,1.2303121208752084,-0.05811425885917898,2018-04
2018-04-13,2017-10-02,1.165762533292513,20,20,1.165762533292513,1.165762533292513,0.005996728398847351,1.2303121208752084,-0.05246602588681046,2018-04
2018-04-16,2017-10-02,1.1627877692352144,20,20,1.1627877692352144,1.1627877692352144,-0.0025517753164504553,1.2303121208752084,-0.05488391969345069,2018-04
2018-04-17,2017-10-02,1.1570412858159842,20,20,1.1570412858159842,1.1570412858159842,-0.004941988186726309,1.2303121208752084,-0.059554672197410695,2018-04
2018-04-18,2017-10-02,1.1691736360320484,20,20,1.1691736360320484,1.1691736360320484,0.010485667507973195,1.2303121208752084,-0.049693475180645895,2018-04
2018-04-19,2017-10-02,1.179009414165037,20,20,1.179009414165037,1.179009414165037,0.008412589738483467,1.2303121208752084,-0.041698936261536784,2018-04
2018-04-20,2017-10-02,1.1892747749226737,20,20,1.1892747749226737,1.1892747749226737,0.008706767422130168,1.2303121208752084,-0.03335523177918611,2018-04
2018-04-23,2017-10-02,1.1823356119981698,20,20,1.1823356119981698,1.1823356119981698,-0.005834785258062136,1.2303121208752084,-0.03899539642258375,2018-04
2018-04-24,2017-10-02,1.192324596765429,20,20,1.192324596765429,1.192324596765429,0.00844851890266396,1.2303121208752084,-0.030876330863712963,2018-04
2018-04-25,2017-10-02,1.1861341543441772,20,20,1.1861341543441772,1.1861341543441772,-0.005191910355657692,1.2303121208752084,-0.0359079340774146,2018-04
2018-04-26,2017-10-02,1.1840760221574702,20,20,1.1840760221574702,1.1840760221574702,-0.0017351597027782661,1.2303121208752084,-0.037580787779971744,2018-04
2018-04-27,2017-10-02,1.1911665911084544,20,20,1.1911665911084544,1.1911665911084544,0.005988271714230553,1.2303121208752084,-0.03181756003420255,2018-04
2018-05-01,2017-10-02,1.1931424253810365,20,20,1.1931424253810365,1.1931424253810365,0.001658738825728534,1.2303121208752084,-0.030211598230642785,2018-05
2018-05-02,2017-10-02,1.1953155432509013,20,20,1.1953155432509013,1.1953155432509013,0.001821339869941152,1.2303121208752084,-0.02844528394909377,2018-05
2018-05-07,2017-10-02,1.1982088570021852,20,20,1.1982088570021852,1.1982088570021852,0.002420543903758565,1.2303121208752084,-0.026093593103988826,2018-05
2018-05-08,2017-10-02,1.1992430602593736,20,20,1.1992430602593736,1.1992430602593736,0.0008631243636236796,1.2303121208752084,-0.02525299075630758,2018-05
2018-05-09,2017-10-02,1.1970671506704904,20,20,1.1970671506704904,1.1970671506704904,-0.0018144024851913798,1.2303121208752084,-0.027021574152312215,2018-05
2018-05-10,2017-10-02,1.2079328457412102,20,20,1.2079328457412102,1.2079328457412102,0.00907693028301182,1.2303121208752084,-0.018189916814018065,2018-05
2018-05-11,2017-10-02,1.220958146342061,20,20,1.220958146342061,1.220958146342061,0.01078313305807832,1.2303121208752084,-0.007602928049260631,2018-05
2018-05-14,2017-10-02,1.236623585010863,20,20,1.236623585010863,1.236623585010863,0.012830446904126047,1.236623585010863,0.0,2018-05
2018-05-15,2017-10-02,1.248515264222875,20,20,1.248515264222875,1.248515264222875,0.00961624810989492,1.248515264222875,0.0,2018-05
2018-05-16,2017-10-02,1.2392302515059948,20,20,1.2392302515059948,1.2392302515059948,-0.007436843571679952,1.248515264222875,-0.0074368435716799675,2018-05
2018-05-17,2017-10-02,1.2475782591863718,20,20,1.2475782591863718,1.2475782591863718,0.0067364460076986266,1.248515264222875,-0.0007504954591695833,2018-05
2018-05-18,2017-10-02,1.2657466261495482,20,20,1.2657466261495482,1.2657466261495482,0.014562907640780276,1.2657466261495482,0.0,2018-05
2018-05-21,2017-10-02,1.2761243753716773,20,20,1.2761243753716773,1.2761243753716773,0.008198915176016452,1.2761243753716773,0.0,2018-05
2018-05-22,2017-10-02,1.272276664509576,20,20,1.272276664509576,1.272276664509576,-0.0030151534884526043,1.2761243753716773,-0.0030151534884526243,2018-05
2018-05-23,2017-10-02,1.2724292696860706,20,20,1.2724292696860706,1.2724292696860706,0.00011994653423386126,1.2761243753716773,-0.0028955686114298202,2018-05
2018-05-24,2017-10-02,1.2592394351429972,20,20,1.2592394351429972,1.2592394351429972,-0.010365868545547996,1.2761243753716773,-0.013231422073387107,2018-05
2018-05-25,2017-10-02,1.2578464870741601,20,20,1.2578464870741601,1.2578464870741601,-0.0011061820571708347,1.2761243753716773,-0.014322967768869453,2018-05
2018-05-28,2017-10-02,1.2576304982837303,20,20,1.2576304982837303,1.2576304982837303,-0.0001717131562948282,1.2761243753716773,-0.014492221483161153,2018-05
2018-05-29,2017-10-02,1.2462326517912563,20,20,1.2462326517912563,1.2462326517912563,-0.009062953314211475,1.2761243753716773,-0.02342383247065155,2018-05
2018-05-30,2017-10-02,1.236729605750894,20,20,1.236729605750894,1.236729605750894,-0.007625418918933868,1.2761243753716773,-0.030870634854309822,2018-05
2018-05-31,2017-10-02,1.2440569443603822,20,20,1.2440569443603822,1.2440569443603822,0.0059247701158080535,1.2761243753716773,-0.025128766153342516,2018-05
2018-06-01,2017-10-02,1.2443814462344085,20,20,1.2443814462344085,1.2443814462344085,0.0002608416564027216,1.2761243753716773,-0.024874479125926545,2018-06
2018-06-04,2017-10-02,1.2554532541551047,20,20,1.2554532541551047,1.2554532541551047,0.0088974389277503,1.2761243753716773,-0.01619835935705883,2018-06
2018-06-05,2017-10-02,1.2507450137092777,20,20,1.2507450137092777,1.2507450137092777,-0.003750231583887653,1.2761243753716773,-0.019887843342078444,2018-06
2018-06-06,2017-10-02,1.2514822409675967,20,20,1.2514822409675967,1.2514822409675967,0.0005894304996130195,1.2761243753716773,-0.019310135343902857,2018-06
2018-06-07,2017-10-02,1.2612425202344206,20,20,1.2612425202344206,1.2612425202344206,0.007798975444731626,1.2761243753716773,-0.011661759170552866,2018-06
2018-06-08,2017-10-02,1.271920919226724,20,20,1.271920919226724,1.271920919226724,0.008466570719736444,1.2761243753716773,-0.003293923559550412,2018-06
2018-06-11,2017-10-02,1.28183881933221,20,20,1.28183881933221,1.28183881933221,0.007797576056470357,1.28183881933221,0.0,2018-06
2018-06-12,2017-10-02,1.288216709911237,20,20,1.288216709911237,1.288216709911237,0.004975579209209435,1.288216709911237,0.0,2018-06
2018-06-13,2017-10-02,1.2957904669395226,20,20,1.2957904669395226,1.2957904669395226,0.005879256937140198,1.2957904669395226,0.0,2018-06
2018-06-14,2017-10-02,1.2975356178801534,20,20,1.2975356178801534,1.2975356178801534,0.0013467848276060845,1.2975356178801534,0.0,2018-06
2018-06-15,2017-10-02,1.3108707050232613,20,20,1.3108707050232613,1.3108707050232613,0.010277241687510763,1.3108707050232613,0.0,2018-06
2018-06-18,2017-10-02,1.3067096831491152,20,20,1.3067096831491152,1.3067096831491152,-0.003174242782450709,1.3108707050232613,-0.0031742427824506874,2018-06
2018-06-19,2017-10-02,1.2907585690819936,20,20,1.2907585690819936,1.2907585690819936,-0.012207083388775408,1.3108707050232613,-0.015342577924884528,2018-06
2018-06-20,2017-10-02,1.2961384537253353,20,20,1.2961384537253353,1.2961384537253353,0.0041680022679748685,1.3108707050232613,-0.011238523556497182,2018-06
2018-06-21,2017-10-02,1.3018337808130345,20,20,1.3018337808130345,1.3018337808130345,0.004394073080178806,1.3108707050232613,-0.006893833370138879,2018-06
2018-06-22,2017-10-02,1.3009484259637696,20,20,1.3009484259637696,1.3009484259637696,-0.0006800828664255132,1.3108707050232613,-0.0075692278586053634,2018-06
2018-06-25,2017-10-02,1.2740153649211157,20,20,1.2740153649211157,1.2740153649211157,-0.020702635481265386,1.3108707050232613,-0.028115160374639424,2018-06
2018-06-26,2017-10-02,1.2549494338158955,20,20,1.2549494338158955,1.2549494338158955,-0.01496522854447735,1.3108707050232613,-0.04265963911854561,2018-06
2018-06-27,2017-10-02,1.2658200634427574,20,20,1.2658200634427574,1.2658200634427574,0.008662205292055303,1.3108707050232613,-0.0343669603782201,2018-06
2018-06-28,2017-10-02,1.2578219433079685,20,20,1.2578219433079685,1.2578219433079685,-0.0063185284905626915,1.3108707050232613,-0.04046834025049898,2018-06
2018-06-29,2017-10-02,1.2640081871355116,20,20,1.2640081871355116,1.2640081871355116,0.004918219037643556,1.3108707050232613,-0.035749153374297266,2018-06
2018-07-02,2017-10-02,1.2411257398636513,20,20,1.2411257398636513,1.2411257398636513,-0.01810308469893407,1.3108707050232613,-0.05320506812178125,2018-07
2018-07-03,2017-10-02,1.2383376944239648,20,20,1.2383376944239648,1.2383376944239648,-0.0022463843510269754,1.3108707050232613,-0.055331933440384125,2018-07
2018-07-04,2017-10-02,1.2281498734382161,20,20,1.2281498734382161,1.2281498734382161,-0.008227013545354267,1.3108707050232613,-0.06310373041983366,2018-07
2018-07-05,2017-10-02,1.1940675501728026,20,20,1.1940675501728026,1.1940675501728026,-0.02775094799301636,1.3108707050232613,-0.08910349007180385,2018-07
2018-07-06,2017-10-02,1.2140015369964925,20,20,1.2140015369964925,1.2140015369964925,0.016694186874775196,1.3108707050232613,-0.07389681351148196,2018-07
2018-07-09,2017-10-02,1.237355270650143,20,20,1.237355270650143,1.237355270650143,0.019236988539099276,1.3108707050232613,-0.056081377126979,2018-07
2018-07-10,2017-10-02,1.2355140068591202,20,20,1.2355140068591202,1.2355140068591202,-0.0014880639656994488,1.3108707050232613,-0.057485988416229004,2018-07
2018-07-11,2017-10-02,1.2437556515672625,20,20,1.2437556515672625,1.2437556515672625,0.006670620213439671,1.3108707050232613,-0.05119883539910813,2018-07
2018-07-12,2017-10-02,1.2534384842847137,20,20,1.2534384842847137,1.2534384842847137,0.007785156759086753,1.3108707050232613,-0.043812269599486135,2018-07
2018-07-13,2017-10-02,1.2640811068944053,20,20,1.2640811068944053,1.2640811068944053,0.008490741861787443,1.3108707050232613,-0.035693526409246966,2018-07
2018-07-17,2017-10-02,1.2727703942554365,20,20,1.2727703942554365,1.2727703942554365,0.006873995120755261,1.3108707050232613,-0.029064888414871353,2018-07
2018-07-18,2017-10-02,1.286357511312147,20,20,1.286357511312147,1.286357511312147,0.010675230283510029,1.3108707050232613,-0.018699932508354652,2018-07
2018-07-19,2017-10-02,1.2877590143098305,20,20,1.2877590143098305,1.2877590143098305,0.0010895128184496006,1.3108707050232613,-0.017630793506077064,2018-07
2018-07-20,2017-10-02,1.2785942114202529,20,20,1.2785942114202529,1.2785942114202529,-0.0071168617635261056,1.3108707050232613,-0.024622179349439114,2018-07
2018-07-23,2017-10-02,1.2710224617874402,20,20,1.2710224617874402,1.2710224617874402,-0.005921933296101911,1.3108707050232613,-0.030398301741828948,2018-07
2018-07-24,2017-10-02,1.2842020696442558,20,20,1.2842020696442558,1.2842020696442558,0.010369295785914723,1.3108707050232613,-0.02034421493806463,2018-07
2018-07-25,2017-10-02,1.2921068560414595,20,20,1.2921068560414595,1.2921068560414595,0.006155406990890011,1.3108707050232613,-0.014314034870028521,2018-07
2018-07-26,2017-10-02,1.3054583043197563,20,20,1.3054583043197563,1.3054583043197563,0.010333083688759848,1.3108707050232613,-0.004128859301504471,2018-07
2018-07-27,2017-10-02,1.3092205846024356,20,20,1.3092205846024356,1.3092205846024356,0.0028819612776831427,1.3108707050232613,-0.0012587972364493441,2018-07
2018-07-30,2017-10-02,1.3014593425263064,20,20,1.3014593425263064,1.3014593425263064,-0.005928139358186257,1.3108707050232613,-0.007179474269194193,2018-07
2018-07-31,2017-10-02,1.2995607338823774,20,20,1.2995607338823774,1.2995607338823774,-0.0014588305465182971,1.3108707050232613,-0.008627831179340644,2018-07
2018-08-01,2017-10-02,1.3040672128712454,20,20,1.3040672128712454,1.3040672128712454,0.0034676940225835118,1.3108707050232613,-0.005190055835365697,2018-08
2018-08-02,2017-10-02,1.2949166647327963,20,20,1.2949166647327963,1.2949166647327963,-0.0070169298393000235,1.3108707050232613,-0.012170567417006915,2018-08
2018-08-03,2017-10-02,1.2887125062731424,20,20,1.2887125062731424,1.2887125062731424,-0.004791164272284765,1.3108707050232613,-0.0169034205015099,2018-08
2018-08-06,2017-10-02,1.2840564640646637,20,20,1.2840564640646637,1.2840564640646637,-0.0036129409669062307,1.3108707050232613,-0.020455290408005432,2018-08
2018-08-07,2017-10-02,1.3068248795644164,20,20,1.3068248795644164,1.3068248795644164,0.017731631074602072,1.3108707050232613,-0.0030863649964419006,2018-08
2018-08-08,2017-10-02,1.3227189906787513,20,20,1.3227189906787513,1.3227189906787513,0.012162387908954297,1.3227189906787513,0.0,2018-08
2018-08-09,2017-10-02,1.3100627140945251,20,20,1.3100627140945251,1.3100627140945251,-0.009568378978010772,1.3227189906787513,-0.009568378978010772,2018-08
2018-08-10,2017-10-02,1.305991901605672,20,20,1.305991901605672,1.305991901605672,-0.0031073416906355344,1.3227189906787513,-0.012645988445736167,2018-08
2018-08-13,2017-10-02,1.2754962907813017,20,20,1.2754962907813017,1.2754962907813017,-0.023350535931254246,1.3227189906787513,-0.03570123376940206,2018-08
2018-08-14,2017-10-02,1.29490901697167,20,20,1.29490901697167,1.29490901697167,0.015219743350627146,1.3227189906787513,-0.021024854034045987,2018-08
2018-08-15,2017-10-02,1.2720628140591932,20,20,1.2720628140591932,1.2720628140591932,-0.01764309508470785,1.3227189906787513,-0.03829700561988906,2018-08
2018-08-16,2017-10-02,1.2627705560683748,20,20,1.2627705560683748,1.2627705560683748,-0.007304873539354939,1.3227189906787513,-0.04532212437625471,2018-08
2018-08-17,2017-10-02,1.2707158853290195,20,20,1.2707158853290195,1.2707158853290195,0.0062919817242035325,1.3227189906787513,-0.0393153086303286,2018-08
2018-08-20,2017-10-02,1.2574761765642275,20,20,1.2574761765642275,1.2574761765642275,-0.010419094399975903,1.3227189906787513,-0.04932477311832089,2018-08
2018-08-21,2017-10-02,1.2486596195309771,20,20,1.2486596195309771,1.2486596195309771,-0.007011311385110797,1.3227189906787513,-0.05599025316009919,2018-08
2018-08-22,2017-10-02,1.2671693789260612,20,20,1.2671693789260612,1.2671693789260612,0.014823703037691427,1.3227189906787513,-0.04199653300825819,2018-08
2018-08-23,2017-10-02,1.277338653959796,20,20,1.277338653959796,1.277338653959796,0.008025190004475435,1.3227189906787513,-0.034308373160703245,2018-08
2018-08-24,2017-10-02,1.2893943270334578,20,20,1.2893943270334578,1.2893943270334578,0.009438118103048732,1.3227189906787513,-0.025194061535468704,2018-08
2018-08-27,2017-10-02,1.3137299953565926,20,20,1.3137299953565926,1.3137299953565926,0.018873720639925873,1.3227189906787513,-0.006795846574748275,2018-08
2018-08-28,2017-10-02,1.312897227055815,20,20,1.312897227055815,1.312897227055815,-0.0006338960849802122,1.3227189906787513,-0.007425434799190622,2018-08
2018-08-29,2017-10-02,1.3231351701005103,20,20,1.3231351701005103,1.3231351701005103,0.0077979775063230505,1.3231351701005103,0.0,2018-08
2018-08-30,2017-10-02,1.3384379413025682,20,20,1.3384379413025682,1.3384379413025682,0.011565538841277645,1.3384379413025682,0.0,2018-08
2018-08-31,2017-10-02,1.33995065276345,20,20,1.33995065276345,1.33995065276345,0.0011302066492597795,1.33995065276345,0.0,2018-08
2018-09-03,2017-10-02,1.327416091958714,20,20,1.327416091958714,1.327416091958714,-0.009354494345657716,1.33995065276345,-0.009354494345657693,2018-09
2018-09-04,2017-10-02,1.3413900781074584,20,20,1.3413900781074584,1.3413900781074584,0.010527208637439944,1.3413900781074584,0.0,2018-09
2018-09-05,2017-10-02,1.3337383372000937,20,20,1.3337383372000937,1.3337383372000937,-0.005704336890698047,1.3413900781074584,-0.005704336890698,2018-09
2018-09-06,2017-10-02,1.3237463771268465,20,20,1.3237463771268465,1.3237463771268465,-0.007491694431025486,1.3413900781074584,-0.013153296172806805,2018-09
2018-09-07,2017-10-02,1.3139271365068135,20,20,1.3139271365068135,1.3139271365068135,-0.007417765812017141,1.3413900781074584,-0.020473493914157936,2018-09
2018-09-10,2017-10-02,1.3054451799659466,20,20,1.3054451799659466,1.3054451799659466,-0.006455423824655138,1.3413900781074584,-0.026796752658425634,2018-09
2018-09-11,2017-10-02,1.305946454305022,20,20,1.305946454305022,1.305946454305022,0.0003839872763471419,1.3413900781074584,-0.026423054994146815,2018-09
2018-09-12,2017-10-02,1.3002674458445662,20,20,1.3002674458445662,1.3002674458445662,-0.004348576805530691,1.3413900781074584,-0.03065672911559871,2018-09
2018-09-13,2017-10-02,1.3117144575851478,20,20,1.3117144575851478,1.3117144575851478,0.008803582506940577,1.3413900781074584,-0.022123035652820176,2018-09
2018-09-14,2017-10-02,1.3346397536654744,20,20,1.3346397536654744,1.3346397536654744,0.017477352595878015,1.3413900781074584,-0.005032335151537637,2018-09
2018-09-18,2017-10-02,1.3468626265342172,20,20,1.3468626265342172,1.3468626265342172,0.009158181325839898,1.3468626265342172,0.0,2018-09
2018-09-19,2017-10-02,1.362842329794185,20,20,1.362842329794185,1.362842329794185,0.011864389838395883,1.362842329794185,0.0,2018-09
2018-09-20,2017-10-02,1.3618866707553947,20,20,1.3618866707553947,1.3618866707553947,-0.0007012249457606368,1.362842329794185,-0.0007012249457606509,2018-09
2018-09-21,2017-10-02,1.3707333981696581,20,20,1.3707333981696581,1.3707333981696581,0.006495935090807814,1.3707333981696581,0.0,2018-09
2018-09-25,2017-10-02,1.3879587617673237,20,20,1.3879587617673237,1.3879587617673237,0.012566530895553152,1.3879587617673237,0.0,2018-09
2018-09-26,2017-10-02,1.3974187337491517,20,20,1.3974187337491517,1.3974187337491517,0.006815744273109603,1.3974187337491517,0.0,2018-09
2018-09-27,2017-10-02,1.3798445430463355,20,20,1.3798445430463355,1.3798445430463355,-0.012576180838556605,1.3974187337491517,-0.012576180838556654,2018-09
2018-09-28,2017-10-02,1.392208928247308,20,20,1.392208928247308,1.392208928247308,0.00896070884454514,1.3974187337491517,-0.003728163488882276,2018-09
2018-10-01,2018-10-01,1.0,20,20,1.0,1.392208928247308,0.0,1.3974187337491517,-0.003728163488882276,2018-10
2018-10-02,2018-10-01,1.0007679519790411,20,20,1.0007679519790411,1.3932780778489942,0.0007679519790411149,1.3974187337491517,-0.0029630745603707034,2018-10
2018-10-03,2018-10-01,0.988359288985507,20,20,0.988359288985507,1.376002626441784,-0.012399141048627493,1.3974187337491517,-0.015325476029586511,2018-10
2018-10-04,2018-10-01,0.9861201623086866,20,20,0.9861201623086866,1.372885294290838,-0.0022654986924022236,1.3974187337491517,-0.017556254876083272,2018-10
2018-10-05,2018-10-01,0.9782386026242476,20,20,0.9782386026242476,1.361912516529648,-0.007992494206777945,1.3974187337491517,-0.025408430817471364,2018-10
2018-10-09,2018-10-01,0.9601645965386502,20,19,0.9601645965386502,1.336749723888083,-0.01847607121321082,1.3974187337491517,-0.04341505405348266,2018-10
2018-10-10,2018-10-01,0.970969259229775,20,19,0.970969259229775,1.3517920717533676,0.011252927602283247,1.3974187337491517,-0.032650672911312566,2018-10
2018-10-11,2018-10-01,0.9454414013877029,20,20,0.9454414013877029,1.316251960146607,-0.026291108188452816,1.3974187337491517,-0.05808335872582833,2018-10
2018-10-12,2018-10-01,0.9517691901607849,20,20,0.9517691901607849,1.3250615641725547,0.006692946557866231,1.3974187337491517,-0.05177916098381554,2018-10
2018-10-15,2018-10-01,0.9376766450711778,20,20,0.9376766450711778,1.3054417970770757,-0.014806683422087352,1.3974187337491517,-0.06581916676135428,2018-10
2018-10-16,2018-10-01,0.9380002484980557,20,19,0.9380002484980557,1.3058923206571869,0.00034511196218778295,1.3974187337491517,-0.06549676978095716,2018-10
2018-10-17,2018-10-01,0.9664700997470417,20,20,0.9664700997470417,1.3455283017518977,0.030351645742708877,1.3974187337491517,-0.03713305879193167,2018-10
2018-10-18,2018-10-01,0.9626552215110546,20,20,0.9626552215110546,1.3402171942115804,-0.003947228410879355,1.3974187337491517,-0.04093371453816469,2018-10
2018-10-19,2018-10-01,0.9607204685044509,20,20,0.9607204685044509,1.3375236138018332,-0.002009808873801089,1.3974187337491517,-0.04286125446924932,2018-10
2018-10-22,2018-10-01,0.9623335732102467,20,19,0.9623335732102467,1.33976939257544,0.001679057289480923,1.3974187337491517,-0.041254163681521336,2018-10
2018-10-23,2018-10-01,0.9428342830498673,20,20,0.9428342830498673,1.3126223067196747,-0.020262506373264988,1.3974187337491517,-0.060680757300265765,2018-10
2018-10-24,2018-10-01,0.9407741504193945,20,19,0.9407741504193945,1.3097541716781569,-0.002185042130424808,1.3974187337491517,-0.06273320941948338,2018-10
2018-10-25,2018-10-01,0.9037790402280985,20,20,0.9037790402280985,1.2582492489683417,-0.039324114267811905,1.3974187337491517,-0.09959039579169698,2018-10
2018-10-26,2018-10-01,0.8902516051895485,20,19,0.8902516051895485,1.239416233131387,-0.014967635269718005,1.3974187337491517,-0.113067398340838,2018-10
2018-10-29,2018-10-01,0.8897138278168851,20,20,0.8897138278168851,1.2386675346717555,-0.0006040734658927516,1.3974187337491517,-0.11360317079153553,2018-10
2018-10-30,2018-10-01,0.9061277674383336,20,20,0.9061277674383336,1.2615191679604483,0.018448560771190614,1.3974187337491517,-0.09725042502049248,2018-10
2018-10-31,2018-10-01,0.9354644978499044,20,19,0.9354644978499044,1.3023620259650215,0.03237593137059158,1.3974187337491517,-0.06802306673612528,2018-10
2018-11-01,2018-10-01,0.9335167030666537,20,20,0.9335167030666537,1.2996502886773864,-0.0020821685779925936,1.3974187337491517,-0.06996359982198117,2018-11
2018-11-02,2018-10-01,0.9462159073349444,20,20,0.9462159073349444,1.317330234241337,0.01360361761773854,1.3974187337491517,-0.057311740263381324,2018-11
2018-11-05,2018-10-01,0.9393374050366395,20,20,0.9393374050366395,1.3077539219286674,-0.007269484950510385,1.3974187337491517,-0.06416459838055952,2018-11
2018-11-06,2018-10-01,0.9388718592023269,20,20,0.9388718592023269,1.307105784861629,-0.0004956108761520195,1.3974187337491517,-0.06462840858389025,2018-11
2018-11-07,2018-10-01,0.942431765016594,20,20,0.942431765016594,1.312061917519971,0.0037916844342225087,1.3974187337491517,-0.061081774680503846,2018-11
2018-11-08,2018-10-01,0.9532022790970581,20,20,0.9532022790970581,1.3270567233846067,0.011428428540154911,1.3974187337491517,-0.0503514148373909,2018-11
2018-11-09,2018-10-01,0.9448643390133049,20,20,0.9448643390133049,1.3154485687568143,-0.00874729348281833,1.3974187337491517,-0.05865826971735143,2018-11
2018-11-12,2018-10-01,0.9503431654326661,20,20,0.9503431654326661,1.3230762398141662,0.005798532332252693,1.3974187337491517,-0.05319986925860877,2018-11
2018-11-13,2018-10-01,0.9336353544800852,20,20,0.9336353544800852,1.2998154762345149,-0.01758081876137274,1.3974187337491517,-0.06984539076041715,2018-11
2018-11-14,2018-10-01,0.919181556456702,20,20,0.919181556456702,1.2796927695792775,-0.015481202542326766,1.3974187337491517,-0.08424530266173391,2018-11
2018-11-15,2018-10-01,0.9174962937106892,20,20,0.9174962937106892,1.2773465317378359,-0.0018334383824119005,1.3974187337491517,-0.08592428247270786,2018-11
2018-11-16,2018-10-01,0.9080418377858088,20,20,0.9080418377858088,1.2641839537874968,-0.010304625740386486,1.3974187337491517,-0.0953434906402018,2018-11
2018-11-19,2018-10-01,0.9191536693276997,20,19,0.9191536693276997,1.2796539448692974,0.012237136087238198,1.3974187337491517,-0.08427308582295998,2018-11
2018-11-20,2018-10-01,0.91290568154058,20,20,0.91290568154058,1.2709554404884893,-0.006797544301476388,1.3974187337491517,-0.09049778009013269,2018-11
2018-11-21,2018-10-01,0.9098356349863057,20,20,0.9098356349863057,1.2666812942654937,-0.0033629394759526754,1.3974187337491517,-0.0935563810089342,2018-11
2018-11-22,2018-10-01,0.9161000640927608,20,20,0.9161000640927608,1.2754026883978726,0.006885231645767931,1.3974187337491517,-0.0873153067183526,2018-11
2018-11-26,2018-10-01,0.9187211371835008,20,20,0.9187211371835008,1.2790517697563897,0.002861120955532037,1.3974187337491517,-0.08470400541661115,2018-11
2018-11-27,2018-10-01,0.916102386209919,20,19,0.916102386209919,1.2754059212701128,-0.0028504307429020326,1.3974187337491517,-0.08731299325842676,2018-11
2018-11-28,2018-10-01,0.9201710104601247,20,20,0.9201710104601247,1.2810702962769327,0.004441233110458631,1.3974187337491517,-0.08325953750460062,2018-11
2018-11-29,2018-10-01,0.9215410632629553,20,20,0.9215410632629553,1.2829776960212036,0.0014889110689821905,1.3974187337491517,-0.08189459248260746,2018-11
2018-11-30,2018-10-01,0.9295150980055562,20,20,0.9295150980055562,1.2940792183840069,0.008652934807231283,1.3974187337491517,-0.07395028624519295,2018-11
2018-12-03,2018-10-01,0.9411364148562518,20,20,0.9411364148562518,1.3102585194615362,0.012502558458309387,1.3974187337491517,-0.06237229556367286,2018-12
2018-12-04,2018-10-01,0.9203675260257923,20,20,0.9203675260257923,1.2813438870019946,-0.02206788357417,1.3974187337491517,-0.08306375458108999,2018-12
2018-12-05,2018-10-01,0.9197487776694226,20,19,0.9197487776694226,1.2804824600159186,-0.0006722839940271896,1.3974187337491517,-0.08368019614242853,2018-12
2018-12-06,2018-10-01,0.895352889075641,20,19,0.895352889075641,1.246518286103129,-0.026524513199788324,1.3974187337491517,-0.10798513287507609,2018-12
2018-12-07,2018-10-01,0.9038632368810016,20,20,0.9038632368810016,1.2583664683002418,0.009505020768008743,1.3974187337491517,-0.0995065130376812,2018-12
2018-12-10,2018-10-01,0.8792765253592486,20,19,0.8792765253592486,1.2241366290034164,-0.027201805006026536,1.3974187337491517,-0.12400156127922708,2018-12
2018-12-11,2018-10-01,0.8712453116924013,20,20,0.8712453116924013,1.2129555016317697,-0.00913388841305185,1.3974187337491517,-0.13200283326851028,2018-12
2018-12-12,2018-10-01,0.8814732921886081,20,20,0.8814732921886081,1.2271949873965284,0.011739495592049787,1.3974187337491517,-0.1218129843557542,2018-12
2018-12-13,2018-10-01,0.8858468753206252,20,20,0.8858468753206252,1.2332839288813544,0.0049616740186850805,1.3974187337491517,-0.11745570665668553,2018-12
2018-12-14,2018-10-01,0.8719028579651393,20,20,0.8719028579651393,1.2138709434234114,-0.015740889022653137,1.3974187337491517,-0.13134773843577846,2018-12
2018-12-17,2018-10-01,0.8641176088368312,20,20,0.8641176088368312,1.2030322500783512,-0.00892903269806622,1.3974187337491517,-0.13910396288253457,2018-12
2018-12-18,2018-10-01,0.8454595988795675,20,20,0.8454595988795675,1.1770564020325216,-0.02159197980281735,1.3974187337491517,-0.15769241272830037,2018-12
2018-12-19,2018-10-01,0.8425450695993755,20,20,0.8425450695993755,1.172998768347,-0.0034472720920721844,1.3974187337491517,-0.16059607616684274,2018-12
2018-12-20,2018-10-01,0.8153752131564347,20,20,0.8153752131564347,1.1351726516279403,-0.032247362691066206,1.3974187337491517,-0.18766463894299468,2018-12
2018-12-21,2018-10-01,0.7922013923088863,20,20,0.7922013923088863,1.1029098513423798,-0.028421051405081665,1.3974187337491517,-0.21075206399776136,2018-12
2018-12-25,2018-10-01,0.7462331824633962,20,20,0.7462331824633962,1.0389124991799428,-0.05802591398067958,1.3974187337491517,-0.2565488968416562,2018-12
2018-12-26,2018-10-01,0.7579304954773862,20,20,0.7579304954773862,1.055197602794523,0.01567514456456598,1.3974187337491517,-0.2448951933229631,2018-12
2018-12-27,2018-10-01,0.8029296884324311,20,20,0.8029296884324311,1.11784588099046,0.05937113392792304,1.3974187337491517,-0.20006376471612228,2018-12
2018-12-28,2018-10-01,0.8009335518601295,20,20,0.8009335518601295,1.1150668418325005,-0.0024860664651705777,1.3974187337491517,-0.2020524593649363,2018-12
2019-01-04,2018-10-01,0.7960181430172993,20,20,0.7960181430172993,1.1082235657555266,-0.006137099427804382,1.3974187337491517,-0.20694954275998567,2019-01
2019-01-07,2018-10-01,0.8173173824319535,20,20,0.8173173824319535,1.1378765570334852,0.02675722859019225,1.3974187337491517,-0.1857297103920581,2019-01
2019-01-08,2018-10-01,0.8139329039121829,20,19,0.8139329039121829,1.1331646558207993,-0.004140959916574927,1.3974187337491517,-0.18910157102258243,2019-01
2019-01-09,2018-10-01,0.8187071553271557,20,19,0.8187071553271557,1.1398114112664217,0.005865657220669229,1.3974187337491517,-0.18434511879742171,2019-01
2019-01-10,2018-10-01,0.8064433531510569,20,19,0.8064433531510569,1.1227376363825983,-0.014979473547166111,1.3974187337491517,-0.19656319951401266,2019-01
2019-01-11,2018-10-01,0.8110363364552053,20,19,0.8110363364552053,1.1291320287459246,0.005695357629524889,1.3974187337491517,-0.1919873396025238,2019-01
2019-01-15,2018-10-01,0.8222141897139611,20,19,0.8222141897139611,1.1446939358514026,0.013782185527729585,1.3974187337491517,-0.18085115920817144,2019-01
2019-01-16,2018-10-01,0.8177429426100047,20,19,0.8177429426100047,1.1384690257128744,-0.0054380563603650955,1.3974187337491517,-0.18530573677192516,2019-01
2019-01-17,2018-10-01,0.8232633934505967,20,19,0.8232633934505967,1.1461546466610972,0.006750838867495945,1.3974187337491517,-0.17980586707459903,2019-01
2019-01-18,2018-10-01,0.8394490257197663,20,20,0.8394490257197663,1.1686884284155628,0.019660332765835342,1.3974187337491517,-0.16368057748869994,2019-01
2019-01-21,2018-10-01,0.8401619569285997,20,20,0.8401619569285997,1.1696809776097268,0.000849284693876573,1.3974187337491517,-0.16297030420396938,2019-01
2019-01-22,2018-10-01,0.823368912767833,20,19,0.823368912767833,1.146301551596656,-0.019987865461270737,1.3974187337491517,-0.1797007411506288,2019-01
2019-01-23,2018-10-01,0.8272622334876409,20,20,0.8272622334876409,1.151721867463303,0.004728525281237905,1.3974187337491517,-0.17582193536697882,2019-01
2019-01-24,2018-10-01,0.8315497450373808,20,20,0.8315497450373808,1.157690979322814,0.00518277201131756,1.3974187337491517,-0.171550408361257,2019-01
2019-01-25,2018-10-01,0.8411704153938386,20,20,0.8411704153938386,1.171084962488799,0.011569566840556655,1.3974187337491517,-0.16196560543676067,2019-01
2019-01-28,2018-10-01,0.8413541586131539,20,20,0.8413541586131539,1.1713407714392345,0.00021843756740924647,1.3974187337491517,-0.16178254724220698,2019-01
2019-01-29,2018-10-01,0.8490080686646868,20,20,0.8490080686646868,1.1819966133489805,0.009097132251832285,1.3974187337491517,-0.1541571722186753,2019-01
2019-01-30,2018-10-01,0.833406258979255,20,19,0.833406258979255,1.1602756346081071,-0.01837651520788275,1.3974187337491517,-0.16970081580687735,2019-01
2019-01-31,2018-10-01,0.8424749206157144,20,19,0.8424749206157144,1.1729011063056396,0.010881441720351992,1.3974187337491517,-0.16066596362362415,2019-01
2019-02-01,2018-10-01,0.8463283810786539,20,20,0.8463283810786539,1.178265928366792,0.004573976469380625,1.3974187337491517,-0.1568268694912884,2019-02
2019-02-04,2018-10-01,0.85947934155495,20,20,0.85947934155495,1.196574812956919,0.015538839025503348,1.3974187337491517,-0.14372493794568375,2019-02
2019-02-05,2018-10-01,0.8590732580267264,20,20,0.8590732580267264,1.196009459843312,-0.000472476194121052,1.3974187337491517,-0.1441295075281239,2019-02
2019-02-06,2018-10-01,0.8537266448942561,20,19,0.8537266448942561,1.1885658573044025,-0.00622369871546391,1.3974187337491517,-0.14945618761272458,2019-02
2019-02-07,2018-10-01,0.8515223145198101,20,20,0.8515223145198101,1.185496968876292,-0.002582009578392719,1.3974187337491517,-0.15165229988315118,2019-02
2019-02-08,2018-10-01,0.8291446560916976,20,19,0.8291446560916976,1.1543425930194051,-0.026279591323137175,1.3974187337491517,-0.1739465307421453,2019-02
2019-02-12,2018-10-01,0.8520887920999172,20,20,0.8520887920999172,1.186285624020969,0.02767205437513187,1.3974187337491517,-0.15108793422407554,2019-02
2019-02-13,2018-10-01,0.8555871217094907,20,20,0.8555871217094907,1.1911560297373691,0.004105592799727109,1.3974187337491517,-0.1476026469592245,2019-02
2019-02-14,2018-10-01,0.846647448554684,20,19,0.846647448554684,1.1787101369556345,-0.010448583116754784,1.3974187337491517,-0.15650899155097286,2019-02
2019-02-15,2018-10-01,0.8478094240633637,20,20,0.8478094240633637,1.180327849633223,0.0013724431706056972,1.3974187337491517,-0.15535134807695966,2019-02
2019-02-18,2018-10-01,0.8496186682279123,20,19,0.8496186682279123,1.182846695512487,0.002134022238013511,1.3974187337491517,-0.15354884907044775,2019-02
2019-02-19,2018-10-01,0.8586037492695557,20,20,0.8586037492695557,1.1953558055596887,0.010575427986280195,1.3974187337491517,-0.1445972658798884,2019-02
2019-02-20,2018-10-01,0.8612622249842709,20,20,0.8612622249842709,1.1990569591852436,0.003096277784690127,1.3974187337491517,-0.14194870139726903,2019-02
2019-02-21,2018-10-01,0.8593401240759946,20,20,0.8593401240759946,1.196380993139749,-0.0022317255448087714,1.3974187337491517,-0.14386363639911712,2019-02
2019-02-22,2018-10-01,0.8637510658105917,20,20,0.8637510658105917,1.2025219456046339,0.005132940509835926,1.3974187337491517,-0.1394691393764465,2019-02
2019-02-25,2018-10-01,0.8704488683205771,20,20,0.8704488683205771,1.2118466860586727,0.00775432039982471,1.3974187337491517,-0.13279630736923462,2019-02
2019-02-26,2018-10-01,0.8573704792554034,20,19,0.8573704792554034,1.193638836035046,-0.015024879164248661,1.3974187337491517,-0.14582593806180205,2019-02
2019-02-27,2018-10-01,0.8687974181434177,20,20,0.8687974181434177,1.2095475223774759,0.013327889359962652,1.3974187337491517,-0.13444160067013977,2019-02
2019-02-28,2018-10-01,0.8565110276000035,20,19,0.8565110276000035,1.1924422997670014,-0.014141835929565305,1.3974187337491517,-0.1466821855409198,2019-02
2019-03-01,2018-10-01,0.8666042572068808,20,20,0.8666042572068808,1.206494184140546,0.01178412102312243,1.3974187337491517,-0.13662658514414774,2019-03
2019-03-04,2018-10-01,0.8712972103298793,20,20,0.8712972103298793,1.2130277553782305,0.005415335874443983,1.3974187337491517,-0.1319511281176376,2019-03
2019-03-05,2018-10-01,0.8647530268424047,20,20,0.8647530268424047,1.20391688469888,-0.007510850958649118,1.3974187337491517,-0.1384709138191695,2019-03
2019-03-06,2018-10-01,0.8692995350278098,20,19,0.8692995350278098,1.2102465739869501,0.005257579961305492,1.3974187337491517,-0.13394135575958332,2019-03
2019-03-07,2018-10-01,0.8520263762479572,20,19,0.8520263762479572,1.186198728114606,-0.01987020363389469,1.3974187337491517,-0.15115011737953515,2019-03
2019-03-08,2018-10-01,0.8447118214135318,20,20,0.8447118214135318,1.1760153395679647,-0.008584892484944096,1.3974187337491517,-0.1584374023576893,2019-03
2019-03-11,2018-10-01,0.837511642184586,20,19,0.837511642184586,1.1659911857604452,-0.008523829128965321,1.3974187337491517,-0.16561073814132052,2019-03
2019-03-12,2018-10-01,0.8477499410204368,20,19,0.8477499410204368,1.1802450368097808,0.012224664494388415,1.3974187337491517,-0.1554106093573778,2019-03
2019-03-13,2018-10-01,0.8488727941620853,20,20,0.8488727941620853,1.1818082829786944,0.0013245098434297997,1.3974187337491517,-0.15429194239581528,2019-03
2019-03-14,2018-10-01,0.8483191838157103,20,20,0.8483191838157103,1.1810375417117012,-0.0006521711500030447,1.3974187337491517,-0.1548434887923098,2019-03
2019-03-15,2018-10-01,0.8430429073711356,20,19,0.8430429073711356,1.1736918625376633,-0.00621968304529219,1.3974187337491517,-0.16010009441568657,2019-03
2019-03-18,2018-10-01,0.8640112421738145,20,20,0.8640112421738145,1.2028841654604316,0.024872203560865724,1.3974187337491517,-0.1392099329932417,2019-03
2019-03-19,2018-10-01,0.8633718855429747,20,20,0.8633718855429747,1.2019940474506423,-0.0007399864719713767,1.3974187337491517,-0.13984690599803407,2019-03
2019-03-20,2018-10-01,0.8636497467982855,20,20,0.8636497467982855,1.2023808883711,0.00032183264241458787,1.3974187337491517,-0.13957008065491028,2019-03
2019-03-22,2018-10-01,0.8690721254421376,20,20,0.8690721254421376,1.2099299723314085,0.0062784464002381135,1.3974187337491517,-0.134167917525141,2019-03
2019-03-25,2018-10-01,0.865656389313032,20,20,0.865656389313032,1.2051745539959307,-0.003930325261977452,1.3974187337491517,-0.13757091923152254,2019-03
2019-03-26,2018-10-01,0.8736483022957964,20,19,0.8736483022957964,1.2163009666043108,0.009232200075490304,1.3974187337491517,-0.12960880140694686,2019-03
2019-03-27,2018-10-01,0.872985790886549,20,20,0.872985790886549,1.215378612305291,-0.0007583273583962047,1.3974187337491517,-0.1302688428653472,2019-03
2019-03-28,2018-10-01,0.8633673556967439,20,20,0.8633673556967439,1.2019877409582762,-0.011017859958564968,1.3974187337491517,-0.13985141895625752,2019-03
2019-03-29,2018-10-01,0.8706892265979025,20,20,0.8706892265979025,1.2121813149983434,0.008480597341151253,1.3974187337491517,-0.13255684518686295,2019-03
2019-04-01,2018-10-01,0.8766319379397466,20,20,0.8766319379397466,1.2204548107864552,0.006825295593772873,1.3974187337491517,-0.1266362892444685,2019-04
2019-04-02,2018-10-01,0.8672024491141999,20,20,0.8672024491141999,1.207326992254721,-0.010756497017103683,1.3974187337491517,-0.13603062339405692,2019-04
2019-04-03,2018-10-01,0.8683334992540264,20,20,0.8683334992540264,1.2089016503576826,0.0013042515516206166,1.3974187337491517,-0.13490378999406594,2019-04
2019-04-04,2018-10-01,0.8595627122963593,20,19,0.8595627122963593,1.1966908824474636,-0.010100712416602486,1.3974187337491517,-0.14364187802402859,2019-04
2019-04-05,2018-10-01,0.8660214812769185,20,19,0.8660214812769185,1.2056828382876847,0.007514017171945664,1.3974187337491517,-0.1372071883901659,2019-04
2019-04-08,2018-10-01,0.8724723752357577,20,20,0.8724723752357577,1.2146638304523574,0.0074488844656921405,1.3974187337491517,-0.13078034441865466,2019-04
2019-04-09,2018-10-01,0.8674987069590031,20,20,0.8674987069590031,1.2077394450713193,-0.005700659892424187,1.3974187337491517,-0.13573547004693404,2019-04
2019-04-10,2018-10-01,0.8621628332079703,20,20,0.8621628332079703,1.200310793995131,-0.006150872281686204,1.3974187337491517,-0.14105145078826692,2019-04
2019-04-11,2018-10-01,0.856296342318041,20,19,0.856296342318041,1.1921434130006898,-0.006804388526122196,1.3974187337491517,-0.14689607044105257,2019-04
2019-04-12,2018-10-01,0.8618094891059765,20,19,0.8618094891059765,1.1998188651815918,0.00643836311738899,1.3974187337491517,-0.14140347756568059,2019-04
2019-04-15,2018-10-01,0.8834177290873435,20,20,0.8834177290873435,1.2299020498073612,0.02507310519843875,1.3974187337491517,-0.11987579663567124,2019-04
2019-04-16,2018-10-01,0.8702242868058446,20,19,0.8702242868058446,1.211534021668743,-0.014934545512380604,1.3974187337491517,-0.13302005160736355,2019-04
2019-04-17,2018-10-01,0.876346835165295,20,19,0.876346835165295,1.2200578881583957,0.007035598123701137,1.3974187337491517,-0.12692032910916579,2019-04
2019-04-18,2018-10-01,0.8739009195001666,20,20,0.8739009195001666,1.2166526625316638,-0.002791036113763301,1.3974187337491517,-0.12935712600081467,2019-04
2019-04-19,2018-10-01,0.8779644051211106,20,20,0.8779644051211106,1.2223098834929467,0.004649824173738271,1.3974187337491517,-0.1253087897186002,2019-04
2019-04-22,2018-10-01,0.869184633974462,20,19,0.869184633974462,1.2100866077146144,-0.010000144761492358,1.3974187337491517,-0.13405582844301914,2019-04
2019-04-23,2018-10-01,0.8768085659194852,20,20,0.8768085659194852,1.2207007138368255,0.008771360706368858,1.3974187337491517,-0.1264603197627151,2019-04
2019-04-24,2018-10-01,0.8784538614147958,20,20,0.8784538614147958,1.222991308915002,0.0018764591944711029,1.3974187337491517,-0.12482115819799859,2019-04
2019-04-25,2018-10-01,0.8840939352219714,20,20,0.8840939352219714,1.230843470025326,0.006420455364715583,1.3974187337491517,-0.11920211150806531,2019-04
2019-04-26,2018-10-01,0.8685967162940648,20,19,0.8685967162940648,1.209268103470891,-0.01752892799113681,1.3974187337491517,-0.13464155427018581,2019-04
2019-05-07,2018-10-01,0.8747391576437633,20,20,0.8747391576437633,1.2178196651591768,0.007071683825729647,1.3974187337491517,-0.12852201294605972,2019-05
2019-05-08,2018-10-01,0.8658362393900729,20,20,0.8658362393900729,1.205424942878933,-0.01017779777650718,1.3974187337491517,-0.1373917396649723,2019-05
2019-05-09,2018-10-01,0.8400112762912005,20,19,0.8400112762912005,1.1694711986810256,-0.029826613768285437,1.3974187337491517,-0.1631204230793178,2019-05
2019-05-10,2018-10-01,0.8439296411097694,20,20,0.8439296411097694,1.1749263811655675,0.00466465740301647,1.3974187337491517,-0.15921666656540148,2019-05
2019-05-13,2018-10-01,0.8350155808481917,20,20,0.8350155808481917,1.1625161468824643,-0.010562563307831896,1.3974187337491517,-0.1680974937529744,2019-05
2019-05-14,2018-10-01,0.8205572655351749,20,19,0.8205572655351749,1.1423871512162675,-0.01731502458712242,1.3974187337491517,-0.18250190610273045,2019-05
2019-05-15,2018-10-01,0.8246451887681578,20,20,0.8246451887681578,1.148078394439216,0.004981886584499273,1.3974187337491517,-0.17842922331588998,2019-05
2019-05-16,2018-10-01,0.8245545088312491,20,20,0.8245545088312491,1.1479521490214388,-0.000109962367020211,1.3974187337491517,-0.17851956518316878,2019-05
2019-05-17,2018-10-01,0.8155129202723902,20,19,0.8155129202723902,1.1353643687042567,-0.01096542249423238,1.3974187337491517,-0.18752744522168108,2019-05
2019-05-20,2018-10-01,0.8300966499157928,20,20,0.8300966499157928,1.1556679673209467,0.01788289220302164,1.3974187337491517,-0.1729980861066668,2019-05
2019-05-21,2018-10-01,0.8240083338743338,20,20,0.8240083338743338,1.1471917593700363,-0.0073344664649309665,1.3974187337491517,-0.17906370391055118,2019-05
2019-05-22,2018-10-01,0.8238913413069434,20,20,0.8238913413069434,1.1470288812731768,-0.00014197983513142276,1.3974187337491517,-0.17918026031052334,2019-05
2019-05-23,2018-10-01,0.8164231986866934,20,20,0.8164231986866934,1.1366316664398406,-0.009064475187229415,1.3974187337491517,-0.1866205604741267,2019-05
2019-05-24,2018-10-01,0.8188210595622074,20,20,0.8188210595622074,1.139969989759426,0.0029370317739270124,1.3974187337491517,-0.1842316392159803,2019-05
2019-05-27,2018-10-01,0.8192639888154961,20,20,0.8192639888154961,1.1405866398204363,0.000540935346149185,1.3974187337491517,-0.18379036127536194,2019-05
2019-05-28,2018-10-01,0.8073015768328032,20,19,0.8073015768328032,1.1239324630547587,-0.014601413153760512,1.3974187337491517,-0.19570817543046198,2019-05
2019-05-29,2018-10-01,0.8016633901050859,20,19,0.8016633901050859,1.1160829291533052,-0.006983990728516853,1.3974187337491517,-0.2013253420762775,2019-05
2019-05-30,2018-10-01,0.8002748820897112,20,19,0.8002748820897112,1.1141498358973576,-0.0017320337095506622,1.3974187337491517,-0.20270867350676525,2019-05
2019-05-31,2018-10-01,0.7920815005722195,20,19,0.7920815005722195,1.1027429369961692,-0.010238209021501188,1.3974187337491517,-0.21087150875843294,2019-05
2019-06-03,2018-10-01,0.7938637792635626,20,20,0.7938637792635626,1.1052242413028819,0.0022501203349092336,1.3974187337491517,-0.209095874693434,2019-06
2019-06-04,2018-10-01,0.7990941654479295,20,20,0.7990941654479295,1.112506031646939,0.006588518485147521,1.3974187337491517,-0.20388498824387224,2019-06
2019-06-05,2018-10-01,0.8077980387895486,20,20,0.8077980387895486,1.1246236418234747,0.010892174812389133,1.3974187337491517,-0.19521356436505735,2019-06
2019-06-06,2018-10-01,0.7876355744444121,20,19,0.7876355744444121,1.0965532789467078,-0.024959783729295748,1.3974187337491517,-0.21530085974677632,2019-06
2019-06-07,2018-10-01,0.7995347882774008,20,19,0.7995347882774008,1.1131194706841185,0.015107511924384864,1.3974187337491517,-0.2034460081283462,2019-06
2019-06-10,2018-10-01,0.8224870831729969,20,20,0.8224870831729969,1.1450738605615325,0.02870706219681418,1.3974187337491517,-0.18057928314056595,2019-06
2019-06-11,2018-10-01,0.830553712295917,20,20,0.830553712295917,1.1563042936473216,0.009807605843243916,1.3974187337491517,-0.17254272772982032,2019-06
2019-06-12,2018-10-01,0.819049285412464,20,19,0.819049285412464,1.1402877278258101,-0.01385151461384837,1.3974187337491517,-0.1840042642290058,2019-06
2019-06-13,2018-10-01,0.8110664884907683,20,19,0.8110664884907683,1.12917400667904,-0.009746418272834179,1.3974187337491517,-0.19195729997867894,2019-06
2019-06-14,2018-10-01,0.8248436304012381,20,20,0.8248436304012381,1.1483546666525264,0.016986451919751122,1.3974187337491517,-0.17823152150566088,2019-06
2019-06-17,2018-10-01,0.8139140691418099,20,19,0.8139140691418099,1.1331384338853245,-0.01325046452030143,1.3974187337491517,-0.1891203355738522,2019-06
2019-06-18,2018-10-01,0.8190610947498966,20,20,0.8190610947498966,1.1403041688908204,0.006323794861432752,1.3974187337491517,-0.18399249891871386,2019-06
2019-06-19,2018-10-01,0.8323774213219381,20,20,0.8323774213219381,1.1588432776358735,0.016258038206670822,1.3974187337491517,-0.1707258177892043,2019-06
2019-06-20,2018-10-01,0.8202365005302662,20,19,0.8202365005302662,1.1419405793125643,-0.014585836281323483,1.3974187337491517,-0.18282147524325937,2019-06
2019-06-21,2018-10-01,0.8193153614039571,20,19,0.8193153614039571,1.140658161196759,-0.001123016502817764,1.3974187337491517,-0.18373918021230948,2019-06
2019-06-24,2018-10-01,0.8267566177184826,20,20,0.8267566177184826,1.151017944675218,0.009082285851170102,1.3974187337491517,-0.17632566611788725,2019-06
2019-06-25,2018-10-01,0.8261827434731182,20,20,0.8261827434731182,1.1502189918271304,-0.0006941271869684851,1.3974187337491517,-0.17689740086624295,2019-06
2019-06-26,2018-10-01,0.8206119947650932,20,20,0.8206119947650932,1.1424633457387958,-0.006742756069446076,1.3974187337491517,-0.18244738091232895,2019-06
2019-06-27,2018-10-01,0.8363160412794699,20,20,0.8363160412794699,1.1643266595057222,0.019136993627386856,1.3974187337491517,-0.16680188165079476,2019-06
2019-06-28,2018-10-01,0.843543678928764,20,20,0.843543678928764,1.174389041171206,0.008642232472590994,1.3974187337491517,-0.1596011898162956,2019-06
2019-07-01,2018-10-01,0.8708604643785681,20,20,0.8708604643785681,1.2124197137654393,0.032383368084145214,1.3974187337491517,-0.13238624580863909,2019-07
2019-07-02,2018-10-01,0.8730760014580339,20,20,0.8730760014580339,1.2155042042683344,0.0025440781503918153,1.3974187337491517,-0.13017896861362135,2019-07
2019-07-03,2018-10-01,0.8658287066170304,20,20,0.8658287066170304,1.2054144556850488,-0.008300875100106353,1.3974187337491517,-0.13739924435460538,2019-07
2019-07-04,2018-10-01,0.8686446429232385,20,20,0.8686446429232385,1.2093348273519275,0.0032523018521881664,1.3974187337491517,-0.13459380631932102,2019-07
2019-07-05,2018-10-01,0.869147564554588,20,20,0.869147564554588,1.210034999337301,0.0005789728117784332,1.3974187337491517,-0.13409275966203532,2019-07
2019-07-08,2018-10-01,0.85809222361481,20,19,0.85809222361481,1.194643654976124,-0.012719751387031297,1.3974187337491517,-0.14510688448336462,2019-07
2019-07-09,2018-10-01,0.8746398324976878,20,19,0.8746398324976878,1.217681383804011,0.019284184645292912,1.3974187337491517,-0.1286209677917521,2019-07
2019-07-10,2018-10-01,0.8647014596023823,20,20,0.8647014596023823,1.2038450923269155,-0.011362817614794518,1.3974187337491517,-0.13852228880809056,2019-07
2019-07-11,2018-10-01,0.8569875778138679,20,19,0.8569875778138679,1.1931057572295016,-0.008920861301727645,1.3974187337491517,-0.14620741198416334,2019-07
2019-07-12,2018-10-01,0.8637526508361979,20,20,0.8637526508361979,1.2025241522914343,0.007894015266344034,1.3974187337491517,-0.13946756026007492,2019-07
2019-07-16,2018-10-01,0.851519741518634,20,20,0.851519741518634,1.1854933867210822,-0.014162514356073075,1.3974187337491517,-0.15165486329175826,2019-07
2019-07-17,2018-10-01,0.8427871789097263,20,20,0.8427871789097263,1.1733358350904823,-0.010255267356847897,1.3974187337491517,-0.160354869479583,2019-07
2019-07-18,2018-10-01,0.8272605493655699,20,20,0.8272605493655699,1.1517195228135193,-0.018422954136823155,1.3974187337491517,-0.17582361321036752,2019-07
2019-07-19,2018-10-01,0.8419349637421119,20,20,0.8419349637421119,1.1721493735253417,0.017738564213893415,1.3974187337491517,-0.16120390744972493,2019-07
2019-07-22,2018-10-01,0.8385712149156079,20,20,0.8385712149156079,1.1674663323767016,-0.0039952596950637576,1.3974187337491517,-0.16455511567066802,2019-07
2019-07-23,2018-10-01,0.8391687534115047,20,19,0.8391687534115047,1.1682982308056604,0.0007125673827914625,1.3974187337491517,-0.16395980489597495,2019-07
2019-07-24,2018-10-01,0.8554191578949651,20,20,0.8554191578949651,1.1909221890151642,0.019364882709701936,1.3974187337491517,-0.14776998457718926,2019-07
2019-07-25,2018-10-01,0.8646869011576828,20,20,0.8646869011576828,1.2038248239302234,0.010834154434328669,1.3974187337491517,-0.13853679297652813,2019-07
2019-07-26,2018-10-01,0.8612439801368441,20,20,0.8612439801368441,1.1990315585457616,-0.003981696746219954,1.3974187337491517,-0.1419668782249217,2019-07
2019-07-29,2018-10-01,0.8629827203276077,20,20,0.8629827203276077,1.201452248163245,0.0020188706462567207,1.3974187337491517,-0.14023462034185402,2019-07
2019-07-30,2018-10-01,0.8701961031019554,20,20,0.8701961031019554,1.2114947840645574,0.008358664205477373,1.3974187337491517,-0.1330481302377969,2019-07
2019-07-31,2018-10-01,0.8644041227821408,20,20,0.8644041227821408,1.2034311373510787,-0.0066559483536736685,1.3974187337491517,-0.13881851710805493,2019-07
2019-08-01,2018-10-01,0.8564975060770352,20,19,0.8564975060770352,1.1924234749820013,-0.009146898420217653,1.3974187337491517,-0.14669565665343998,2019-08
2019-08-02,2018-10-01,0.8488537961052635,20,20,0.8488537961052635,1.1817818337143677,-0.00892438088556935,1.3974187337491517,-0.15431086962477533,2019-08
2019-08-05,2018-10-01,0.8374551222950444,20,20,0.8374551222950444,1.165912498265602,-0.013428312228229267,1.3974187337491517,-0.1656670473154735,2019-08
2019-08-06,2018-10-01,0.8347143488182842,20,20,0.8347143488182842,1.1620967689609532,-0.0032727407162416178,1.3974187337491517,-0.1683976027406262,2019-08
2019-08-07,2018-10-01,0.8342865162860909,20,20,0.8342865162860909,1.161501136689839,-0.0005125496318579836,1.3974187337491517,-0.1688238402431937,2019-08
2019-08-08,2018-10-01,0.8345865192230677,20,20,0.8345865192230677,1.1619188034571983,0.00035959221576797873,1.3974187337491517,-0.16852495576621315,2019-08
2019-08-09,2018-10-01,0.8363985651832966,20,20,0.8363985651832966,1.1644415500214236,0.002171190066568407,1.3974187337491517,-0.16671966540957328,2019-08
2019-08-13,2018-10-01,0.8200432233901045,20,20,0.8200432233901045,1.1416714971524051,-0.019554483321725824,1.3974187337491517,-0.18301403181464385,2019-08
2019-08-14,2018-10-01,0.8228731634589244,20,20,0.8228731634589244,1.145611364982621,0.0034509645200417882,1.3974187337491517,-0.1801946422250643,2019-08
2019-08-15,2018-10-01,0.816083702734894,20,20,0.816083702734894,1.1361590171446414,-0.00825092009987427,1.3974187337491517,-0.18695879072951416,2019-08
2019-08-16,2018-10-01,0.8153920014721473,20,20,0.8153920014721473,1.1351960244709656,-0.0008475861733651113,1.3974187337491517,-0.18764791321686783,2019-08
2019-08-19,2018-10-01,0.8284828486121997,20,19,0.8284828486121997,1.1534212187376673,0.01605466710050818,1.3974187337491517,-0.17460587089516144,2019-08
2019-08-20,2018-10-01,0.8332621578671313,20,20,0.8332621578671313,1.160075015753238,0.005768748578123706,1.3974187337491517,-0.1698443796864962,2019-08
2019-08-21,2018-10-01,0.8304675912669409,20,20,0.8304675912669409,1.1561843951818713,-0.003353766367290012,1.3974187337491517,-0.17262852768552045,2019-08
2019-08-22,2018-10-01,0.8329173307357313,20,19,0.8329173307357313,1.1595949443422011,0.002949831510044909,1.3974187337491517,-0.1701879212459749,2019-08
2019-08-23,2018-10-01,0.8269274893357806,20,20,0.8269274893357806,1.1512558336664045,-0.0071913996490620136,1.3974187337491517,-0.17615543153791405,2019-08
2019-08-26,2018-10-01,0.8146246319963839,20,20,0.8146246319963839,1.1341276858355434,-0.014877794604795325,1.3974187337491517,-0.18841242181376916,2019-08
2019-08-27,2018-10-01,0.8046978465277105,20,19,0.8046978465277105,1.1203075264772606,-0.012185717296991139,1.3974187337491517,-0.1983021986032963,2019-08
2019-08-28,2018-10-01,0.8071295136282272,20,19,0.8071295136282272,1.1236929151251251,0.0030218387075464648,1.3974187337491517,-0.1958795971552809,2019-08
2019-08-29,2018-10-01,0.824523920648515,20,20,0.824523920648515,1.1479095638803374,0.021550949044219614,1.3974187337491517,-0.17855003932815697,2019-08
2019-08-30,2018-10-01,0.8419179551598258,20,20,0.8419179551598258,1.1721256940252263,0.021095851891877127,1.3974187337491517,-0.16122085262123545,2019-08
2019-09-02,2018-10-01,0.8212104766377322,20,18,0.8212104766377322,1.143296557545278,-0.024595601501529507,1.3974187337491517,-0.18185113027795627,2019-09
2019-09-03,2018-10-01,0.8415817029024594,20,19,0.8415817029024594,1.1716575606303774,0.024806339963090673,1.3974187337491517,-0.1615558512752129,2019-09
2019-09-04,2018-10-01,0.8334406295543124,20,20,0.8334406295543124,1.160323485629571,-0.009673538909020896,1.3974187337491517,-0.169666573370943,2019-09
2019-09-05,2018-10-01,0.83307512611452,20,19,0.83307512611452,1.1598146284773867,-0.00043854766234274756,1.3974187337491517,-0.17003071415415627,2019-09
2019-09-06,2018-10-01,0.8362597674328113,20,19,0.8362597674328113,1.1642483145539773,0.0038227540571815766,1.3974187337491517,-0.16685794569935292,2019-09
2019-09-09,2018-10-01,0.8580746486069784,20,20,0.8580746486069784,1.1946191868933067,0.02608624977994012,1.3974187337491517,-0.14512439396869373,2019-09
2019-09-10,2018-10-01,0.861350856520158,20,20,0.861350856520158,1.19918035280083,0.0038180919556338733,1.3974187337491517,-0.14186040029423788,2019-09
2019-09-11,2018-10-01,0.8821818721474695,20,19,0.8821818721474695,1.228181478741632,0.02418412365835243,1.3974187337491517,-0.12110704609882461,2019-09
2019-09-12,2018-10-01,0.8627632628110438,20,19,0.8627632628110438,1.2011467174493138,-0.02201202490043863,1.3974187337491517,-0.14045325968491731,2019-09
2019-09-13,2018-10-01,0.8749037554497918,20,19,0.8749037554497918,1.2180488196942996,0.01407163837643255,1.3974187337491517,-0.12835802878756206,2019-09
2019-09-17,2018-10-01,0.8783812349270166,20,19,0.8783812349270166,1.2228901976702886,0.003974699451869457,1.3974187337491517,-0.12489351392235766,2019-09
2019-09-18,2018-10-01,0.8848701064742267,20,20,0.8848701064742267,1.2319240625725645,0.007387306660472159,1.3974187337491517,-0.1184288339491339,2019-09
2019-09-19,2018-10-01,0.8866420526988712,20,20,0.8866420526988712,1.2343909819268886,0.002002493034491515,1.3974187337491517,-0.11666349382970845,2019-09
2019-09-20,2018-10-01,0.8743082711074844,20,19,0.8743082711074844,1.2172197810763077,-0.013910666151964679,1.3974187337491517,-0.1289512930668863,2019-09
2019-09-24,2018-10-01,0.8952506159011507,20,20,0.8952506159011507,1.2463759004764834,0.023953044350293773,1.3974187337491517,-0.10808702475845136,2019-09
2019-09-25,2018-10-01,0.8939714702798589,20,20,0.8939714702798589,1.2445950625219926,-0.0014288128916886134,1.3974187337491517,-0.10936140151574084,2019-09
2019-09-26,2018-10-01,0.8986139680702582,20,20,0.8986139680702582,1.2510583893951548,0.0051931162735494585,1.3974187337491517,-0.104736211716101,2019-09
2019-09-27,2018-10-01,0.8890991824936453,20,20,0.8890991824936453,1.2378118199650356,-0.010588290316748017,1.3974187337491517,-0.1142155246165226,2019-09
2019-09-30,2018-10-01,0.8822672183390482,20,20,0.8822672183390482,1.22830029847154,-0.007684141757318352,1.3974187337491517,-0.12102201809180109,2019-09
2019-10-01,2019-10-01,1.0,20,18,1.0,1.22830029847154,0.0,1.3974187337491517,-0.12102201809180109,2019-10
2019-10-02,2019-10-01,0.9965489909668716,20,18,0.9965489909668716,1.2240614230461204,-0.0034510090331284493,1.3974187337491517,-0.12405537904728732,2019-10
2019-10-03,2019-10-01,0.9865516940489917,20,17,0.9865516940489917,1.21178174025798,-0.010031917154599945,1.3974187337491517,-0.13284278291670237,2019-10
2019-10-04,2019-10-01,0.9887636085557217,20,17,0.9887636085557217,1.21449863550679,0.002242066503025164,1.3974187337491517,-0.13089855876742343,2019-10
2019-10-07,2019-10-01,0.9949361797150613,20,18,0.9949361797150613,1.2220804065041437,0.006242716768627865,1.3974187337491517,-0.12547300462660224,2019-10
2019-10-08,2019-10-01,1.0081571870769308,20,18,1.0081571870769308,1.2383197737928224,0.013288296909311104,1.3974187337491517,-0.1138520302568728,2019-10
2019-10-09,2019-10-01,1.0081354779997742,20,18,1.0081354779997742,1.2382931085268714,-2.1533424980679783e-05,1.3974187337491517,-0.11387111205770105,2019-10
2019-10-10,2019-10-01,1.0071706478102964,20,17,1.0071706478102964,1.2371080073171614,-0.0009570441776258765,1.3974187337491517,-0.11471917655053235,2019-10
2019-10-11,2019-10-01,1.0104795490000273,20,18,1.0104795490000273,1.2411723316361207,0.0032853431510586617,1.3974187337491517,-0.11181072526044904,2019-10
2019-10-15,2019-10-01,1.0277898866154886,20,17,1.0277898866154886,1.262434624495835,0.017130814406478345,1.3974187337491517,-0.09659531963706118,2019-10
2019-10-16,2019-10-01,1.0322497893121774,20,17,1.0322497893121774,1.2679127243093318,0.004339313662031774,1.3974187337491517,-0.09267516336521887,2019-10
2019-10-17,2019-10-01,1.0327257958551515,20,18,1.0327257958551515,1.2684974032881413,0.0004611350352430321,1.3974187337491517,-0.09225676409470038,2019-10
2019-10-18,2019-10-01,1.036530151501617,20,18,1.036530151501617,1.2731702944641867,0.0036838003482959625,1.3974187337491517,-0.0889128192461091,2019-10
2019-10-21,2019-10-01,1.0481144773653093,20,18,1.0481144773653093,1.2873993253801517,0.011176062603591719,1.3974187337491517,-0.07873045187667381,2019-10
2019-10-23,2019-10-01,1.051194723808107,20,18,1.051194723808107,1.291182793005206,0.002938845430835668,1.3974187337491517,-0.07602298307460358,2019-10
2019-10-24,2019-10-01,1.0522944392535984,20,17,1.0522944392535984,1.292533573815137,0.0010461576914195803,1.3974187337491517,-0.07505635741165223,2019-10
2019-10-25,2019-10-01,1.056864858679462,20,18,1.056864858679462,1.2981474213600652,0.004343289535108985,1.3974187337491517,-0.07103905936823265,2019-10
2019-10-28,2019-10-01,1.0610904273350774,20,18,1.0610904273350774,1.3033376886009695,0.003998210954705428,1.3974187337491517,-0.06732487755890533,2019-10
2019-10-29,2019-10-01,1.06988896704336,20,18,1.06988896704336,1.3141449375507668,0.008291979158062901,1.3974187337491517,-0.05959115488237992,2019-10
2019-10-30,2019-10-01,1.0689910126353774,20,17,1.0689910126353774,1.313041979883428,-0.0008392968201774709,1.3974187337491517,-0.06038043703575392,2019-10
2019-10-31,2019-10-01,1.0633959838530838,20,18,1.0633959838530838,1.3061696043601798,-0.005233934351328462,1.3974187337491517,-0.06529834414353276,2019-10
2019-11-01,2019-10-01,1.071784144723277,20,18,1.071784144723277,1.3164727848606654,0.007888087784382769,1.3974187337491517,-0.05792533542992901,2019-11
2019-11-05,2019-10-01,1.0935653499148805,20,18,1.0935653499148805,1.343226645698582,0.020322380489428804,1.3974187337491517,-0.038780135647084914,2019-11
2019-11-06,2019-10-01,1.101736294500414,20,17,1.101736294500414,1.3532630193717872,0.007471839324617813,1.3974187337491517,-0.031598055265008966,2019-11
2019-11-07,2019-10-01,1.0942928738742863,20,18,1.0942928738742863,1.3441202635950653,-0.0067560818893626085,1.3974187337491517,-0.03814065810545654,2019-11
2019-11-08,2019-10-01,1.103354467702137,20,17,1.103354467702137,1.3552506219984422,0.008280775690120867,1.3974187337491517,-0.03017571664978057,2019-11
2019-11-11,2019-10-01,1.1056212645635612,20,18,1.1056212645635612,1.3580349292599039,0.0020544593127402866,1.3974187337491517,-0.028183252119130066,2019-11
2019-11-12,2019-10-01,1.1172089646853203,20,17,1.1172089646853203,1.3722681047780592,0.010480713869349456,1.3974187337491517,-0.017997918851148948,2019-11
2019-11-13,2019-10-01,1.1184863554018678,20,17,1.1184863554018678,1.3738371241764593,0.001143376715480704,1.3974187337491517,-0.016875120537009698,2019-11
2019-11-14,2019-10-01,1.1122548357971458,20,17,1.1122548357971458,1.366182946786048,-0.005571386342467344,1.3974187337491517,-0.022352489063389627,2019-11
2019-11-15,2019-10-01,1.123659112028499,20,17,1.123659112028499,1.3801908226848711,0.01025329435693556,1.3974187337491517,-0.012328381356431077,2019-11
2019-11-18,2019-10-01,1.12465429670596,20,17,1.12465429670596,1.3814132083212307,0.0008856642257493164,1.3974187337491517,-0.011453635937010504,2019-11
2019-11-19,2019-10-01,1.115104270945316,20,18,1.115104270945316,1.3696829088290208,-0.008491521162205529,1.3974187337491517,-0.019847898307272693,2019-11
2019-11-20,2019-10-01,1.1070784798645918,20,18,1.1070784798645918,1.3598248272490971,-0.007197345835578517,1.3974187337491517,-0.026902391954624377,2019-11
2019-11-21,2019-10-01,1.112959359934184,20,17,1.112959359934184,1.3670483139938525,0.005312071525689355,1.3974187337491517,-0.02173322785921012,2019-11
2019-11-22,2019-10-01,1.1077480059582265,20,18,1.1077480059582265,1.360647206349743,-0.004682429712676739,1.3974187337491517,-0.026313893260006556,2019-11
2019-11-25,2019-10-01,1.1145574555938929,20,18,1.1145574555938929,1.369011255369659,0.006147110713845105,1.3974187337491517,-0.020328536961342996,2019-11
2019-11-26,2019-10-01,1.1265159874534392,20,18,1.1265159874534392,1.383699923622021,0.010729399188464717,1.3974187337491517,-0.009817250760854084,2019-11
2019-11-27,2019-10-01,1.126103037875665,20,17,1.126103037875665,1.3831926975323872,-0.0003665723188783776,1.3974187337491517,-0.010180224347356031,2019-11
2019-11-28,2019-10-01,1.1218272231198274,20,18,1.1218272231198274,1.377940712991583,-0.003797001350696605,1.3974187337491517,-0.0139385713724553,2019-11
2019-11-29,2019-10-01,1.123725976159767,20,18,1.123725976159767,1.3802729519172647,0.001692553898504201,1.3974187337491517,-0.012269609257267038,2019-11
2019-12-02,2019-10-01,1.1324585025474194,20,18,1.1324585025474194,1.3909991166856286,0.007771046120598646,1.3974187337491517,-0.004593910836088372,2019-12
2019-12-03,2019-10-01,1.1331199287654563,20,18,1.1331199287654563,1.3918115467066603,0.0005840622120361072,1.3974187337491517,-0.004012531753777067,2019-12
2019-12-04,2019-10-01,1.131038638896769,20,18,1.131038638896769,1.3892550977397458,-0.0018367780989916316,1.3974187337491517,-0.005841939722321907,2019-12
2019-12-05,2019-10-01,1.1431768621968115,20,18,1.1431768621968115,1.4041644810421021,0.010731926286693616,1.4041644810421021,0.0,2019-12
2019-12-06,2019-10-01,1.1527001947053237,20,18,1.1527001947053237,1.4158619932047516,0.008330585426835624,1.4158619932047516,0.0,2019-12
2019-12-09,2019-10-01,1.158475589164914,20,18,1.158475589164914,1.4229559119432573,0.005010317935330022,1.4229559119432573,0.0,2019-12
2019-12-10,2019-10-01,1.1571710228736598,20,17,1.1571710228736598,1.4213535127783337,-0.0011261059822544883,1.4229559119432573,-0.0011261059822544669,2019-12
2019-12-11,2019-10-01,1.1616379552550522,20,18,1.1616379552550522,1.42684024715565,0.0038602179739166687,1.42684024715565,0.0,2019-12
2019-12-12,2019-10-01,1.1627631803940783,20,18,1.1627631803940783,1.4282223615297636,0.0009686539028239682,1.4282223615297636,0.0,2019-12
2019-12-13,2019-10-01,1.1724939679260657,20,18,1.1724939679260657,1.4401746907596669,0.008368675321048125,1.4401746907596669,0.0,2019-12
2019-12-16,2019-10-01,1.1997547475980526,20,18,1.1997547475980526,1.4736591145673352,0.023250251530254173,1.4736591145673352,0.0,2019-12
2019-12-17,2019-10-01,1.2276668890515197,20,18,1.2276668890515197,1.5079436062456086,0.0232648726828113,1.5079436062456086,0.0,2019-12
2019-12-18,2019-10-01,1.2267961196922132,20,18,1.2267961196922132,1.5068740399816727,-0.0007092879730422608,1.5079436062456086,-0.000709287973042238,2019-12
2019-12-19,2019-10-01,1.2324589948021738,20,18,1.2324589948021738,1.5138297511694443,0.004615987138418154,1.5138297511694443,0.0,2019-12
2019-12-20,2019-10-01,1.2344313063400678,20,18,1.2344313063400678,1.5162523420201184,0.0016003060111631218,1.5162523420201184,0.0,2019-12
2019-12-23,2019-10-01,1.2299077819671114,20,18,1.2299077819671114,1.5106960956826727,-0.003664460184802154,1.5162523420201184,-0.0036644601848021064,2019-12
2019-12-24,2019-10-01,1.2431908950599262,20,16,1.2431908950599262,1.5270117474592084,0.010800088663208474,1.5270117474592084,0.0,2019-12
2019-12-25,2019-10-01,1.2313111384071909,20,18,1.2313111384071909,1.5124198388168844,-0.009555858798469319,1.5270117474592084,-0.009555858798469308,2019-12
2019-12-26,2019-10-01,1.2235020510170547,20,18,1.2235020510170547,1.5028279344447897,-0.0063420910820622955,1.5270117474592084,-0.015837345753664394,2019-12
2019-12-27,2019-10-01,1.2343982899575032,20,17,1.2343982899575032,1.5162117879875598,0.00890577905561396,1.5270117474592084,-0.007072610600159827,2019-12
2019-12-30,2019-10-01,1.2297896406886681,20,18,1.2297896406886681,1.5105509827150991,-0.0037335188377437545,1.5270117474592084,-0.01077972371299587,2019-12
2020-01-06,2019-10-01,1.221301374466246,20,18,1.221301374466246,1.500124842780592,-0.006902209891497257,1.5270117474592084,-0.01760752968885373,2020-01
2020-01-07,2019-10-01,1.245110284860562,20,18,1.245110284860562,1.5293693345242125,0.019494705313601646,1.5293693345242125,0.0,2020-01
2020-01-08,2019-10-01,1.230421375879303,20,17,1.230421375879303,1.511326943238311,-0.011797275438057975,1.5293693345242125,-0.01179727543805798,2020-01
2020-01-09,2019-10-01,1.2412364413276653,20,18,1.2412364413276653,1.5246110913565236,0.008789724935194254,1.5293693345242125,-0.003111245308949002,2020-01
2020-01-10,2019-10-01,1.2477679840819804,20,18,1.2477679840819804,1.5326337872711284,0.005262126164559566,1.5326337872711284,0.0,2020-01
2020-01-14,2019-10-01,1.2318321629579092,20,18,1.2318321629579092,1.5130598134280426,-0.012771461784055749,1.5326337872711284,-0.012771461784055712,2020-01
2020-01-15,2019-10-01,1.2294333948181813,20,18,1.2294333948181813,1.5101134058060508,-0.0019473173471684646,1.5326337872711284,-0.014693909042143337,2020-01
2020-01-16,2019-10-01,1.2278633703153714,20,18,1.2278633703153714,1.5081849442406419,-0.0012770309554199777,1.5326337872711284,-0.015952175420860318,2020-01
2020-01-17,2019-10-01,1.2311019480508572,20,18,1.2311019480508572,1.5121628902397624,0.0026375717476236904,1.5326337872711284,-0.013356678680439849,2020-01
2020-01-20,2019-10-01,1.256810433542405,20,18,1.256810433542405,1.5437406306422818,0.020882499237574015,1.5437406306422818,0.0,2020-01
2020-01-21,2019-10-01,1.2623264762554764,20,18,1.2623264762554764,1.5505159875531291,0.0043889218022514775,1.5505159875531291,0.0,2020-01
2020-01-22,2019-10-01,1.260651714578871,20,18,1.260651714578871,1.548458877285886,-0.0013267262535547886,1.5505159875531291,-0.0013267262535547391,2020-01
2020-01-23,2019-10-01,1.254532616167052,20,18,1.254532616167052,1.540942786880272,-0.004853916701222372,1.5505159875531291,-0.006174203136057004,2020-01
2020-01-24,2019-10-01,1.2373649630616004,20,18,1.2373649630616004,1.51985575344679,-0.013684501211218891,1.5505159875531291,-0.019774213456982187,2020-01
2020-01-27,2019-10-01,1.2114989291918605,20,18,1.2114989291918605,1.4880844963243136,-0.020904126625453934,1.5505159875531291,-0.04026497742041262,2020-01
2020-01-28,2019-10-01,1.2197745450814068,20,18,1.2197745450814068,1.498249437791479,0.006830889974509979,1.5505159875531291,-0.033709133076487666,2020-01
2020-01-29,2019-10-01,1.2148227618045666,20,18,1.2148227618045666,1.49216716091457,-0.004059588959949623,1.5505159875531291,-0.037631876811950564,2020-01
2020-01-30,2019-10-01,1.2020765635786315,20,18,1.2020765635786315,1.4765110018292762,-0.01049222868280908,1.5505159875531291,-0.04772926323748541,2020-01
2020-01-31,2019-10-01,1.2140221966474016,20,18,1.2140221966474016,1.4911838264930781,0.009937497685844177,1.5505159875531291,-0.038266074994610766,2020-01
2020-02-03,2019-10-01,1.1996333143237794,20,18,1.1996333143237794,1.473509958040301,-0.011852239904145079,1.5505159875531291,-0.04966477619772975,2020-02
2020-02-04,2019-10-01,1.2111970605180145,20,18,1.2111970605180145,1.4877137109421292,0.009639400686995314,1.5505159875531291,-0.04050411418853426,2020-02
2020-02-05,2019-10-01,1.2416126167903112,20,17,1.2416126167903112,1.5250731477895692,0.02511197992776526,1.5505159875531291,-0.016409272763263382,2020-02
2020-02-06,2019-10-01,1.2512569096421788,20,18,1.2512569096421788,1.5369192355780652,0.007767553842034092,1.5505159875531291,-0.008769178830926462,2020-02
2020-02-07,2019-10-01,1.2437168508989862,20,18,1.2437168508989862,1.5276577791733086,-0.006025987696922308,1.5505159875531291,-0.014742323564101469,2020-02
2020-02-10,2019-10-01,1.242725489623732,20,18,1.242725489623732,1.5264400898230208,-0.0007970956367903126,1.5505159875531291,-0.015527668159102647,2020-02
2020-02-12,2019-10-01,1.2429076092983766,20,18,1.2429076092983766,1.5266637874737443,0.00014654859513640872,1.5505159875531291,-0.015383395121920673,2020-02
2020-02-13,2019-10-01,1.2291414425767533,20,18,1.2291414425767533,1.5097548007807655,-0.011075776363936085,1.5505159875531291,-0.026288788441768275,2020-02
2020-02-14,2019-10-01,1.225479796630948,20,18,1.225479796630948,1.5052571999726359,-0.00297902732669153,1.5505159875531291,-0.029189500749306187,2020-02
2020-02-17,2019-10-01,1.2210575697128372,20,18,1.2210575697128372,1.4998253773292114,-0.003608567787301231,1.5505159875531291,-0.03269273624447604,2020-02
2020-02-18,2019-10-01,1.2089776029776975,20,18,1.2089776029776975,1.4849875505829129,-0.00989303619646753,1.5505159875531291,-0.04226234201791544,2020-02
2020-02-19,2019-10-01,1.2267447891738075,20,18,1.2267447891738075,1.5068109906905942,0.014696042467908121,1.5505159875531291,-0.02818738872309587,2020-02
2020-02-20,2019-10-01,1.2691721836267673,20,17,1.2691721836267673,1.5589245719605347,0.03458534719477724,1.5589245719605347,0.0,2020-02
2020-02-21,2019-10-01,1.2910027028781799,20,18,1.2910027028781799,1.5857390052728333,0.01720059699782417,1.5857390052728333,0.0,2020-02
2020-02-25,2019-10-01,1.2572163428538863,20,18,1.2572163428538863,1.5442392091707267,-0.02617063461522562,1.5857390052728333,-0.026170634615225608,2020-02
2020-02-26,2019-10-01,1.246197111745848,20,18,1.246197111745848,1.5307042843117962,-0.00876478513079515,1.5857390052728333,-0.03470603975688178,2020-02
2020-02-27,2019-10-01,1.2006014028056002,20,18,1.2006014028056002,1.4746990614114686,-0.03658787884395809,1.5857390052728333,-0.0700240982230615,2020-02
2020-02-28,2019-10-01,1.1514063185291215,20,18,1.1514063185291215,1.4142727247113371,-0.0409753679793462,1.5857390052728333,-0.10813020301029591,2020-02
2020-03-02,2019-10-01,1.1919401993974614,20,18,1.1919401993974614,1.464060502680129,0.03520380270287249,1.5857390052728333,-0.0767329946404194,2020-03
2020-03-03,2019-10-01,1.1929582563928232,20,18,1.1929582563928232,1.4653109823913928,0.0008541175101539622,1.5857390052728333,-0.07594441612459443,2020-03
2020-03-04,2019-10-01,1.1736939735498184,20,18,1.1736939735498184,1.44164865802549,-0.01614832936506483,1.5857390052728333,-0.09086637004464175,2020-03
2020-03-05,2019-10-01,1.1878587879616926,20,18,1.1878587879616926,1.4590473037953888,0.012068575566621442,1.5857390052728333,-0.07989442213136871,2020-03
2020-03-06,2019-10-01,1.1652909213312257,20,18,1.1652909213312257,1.4313271864773205,-0.01899877902927516,1.5857390052728333,-0.09737530468889839,2020-03
2020-03-09,2019-10-01,1.074289217289785,20,18,1.074289217289785,1.3195497662418003,-0.0780935493237006,1.5857390052728333,-0.1678644708529661,2020-03
2020-03-10,2019-10-01,1.061630211515971,20,18,1.061630211515971,1.3040007056714715,-0.011783610567878688,1.5857390052728333,-0.17767003186813043,2020-03
2020-03-11,2019-10-01,1.0525704598920582,20,18,1.0525704598920582,1.2928726100477412,-0.008533811044220352,1.5857390052728333,-0.18468764043216754,2020-03
2020-03-12,2019-10-01,1.004231931525368,20,18,1.004231931525368,1.2334983812272609,-0.0459242684538641,1.5857390052728333,-0.22213026410671402,2020-03
2020-03-13,2019-10-01,0.9334427971611395,20,18,0.9334427971611395,1.146548066359137,-0.07049082203222123,1.5857390052728333,-0.2769629412238186,2020-03
2020-03-16,2019-10-01,0.9361205497472791,20,18,0.9361205497472791,1.1498371506599252,0.0028686841810590114,1.5857390052728333,-0.27488877625098795,2020-03
2020-03-17,2019-10-01,0.964473956711251,20,18,0.964473956711251,1.1846636488964568,0.0302882005652223,1.5857390052728333,-0.25292646207398406,2020-03
2020-03-18,2019-10-01,0.966509408248982,20,18,0.966509408248982,1.1871637946277762,0.0021104266461187127,1.5857390052728333,-0.2513498181729348,2020-03
2020-03-19,2019-10-01,0.9394038055319494,20,18,0.9394038055319494,1.153869974720194,-0.028044841038991852,1.5857390052728333,-0.2723455935160871,2020-03
2020-03-23,2019-10-01,0.9764623572453035,20,17,0.9764623572453035,1.19938900485063,0.03944901169776438,1.5857390052728333,-0.24364034632277343,2020-03
2020-03-24,2019-10-01,1.0117803147298179,20,18,1.0117803147298179,1.242770062570264,0.03616929748746256,1.5857390052728333,-0.2162833490014077,2020-03
2020-03-25,2019-10-01,1.0746206570429802,20,18,1.0746206570429802,1.319956873789575,0.06210868248602264,1.5857390052728333,-0.16760774036552709,2020-03
2020-03-26,2019-10-01,1.0547110311081345,20,18,1.0547110311081345,1.2955018743113473,-0.01852712006265611,1.5857390052728333,-0.1830295716990006,2020-03
2020-03-27,2019-10-01,1.0848908551866436,20,18,1.0848908551866436,1.3325717612347987,0.028614305898365888,1.5857390052728333,-0.15965252995367674,2020-03
2020-03-30,2019-10-01,1.0546223271837087,20,18,1.0546223271837087,1.2953929192544997,-0.027900067419894925,1.5857390052728333,-0.18309828102410727,2020-03
2020-03-31,2019-10-01,1.040488854825104,20,18,1.040488854825104,1.2780327709379862,-0.013401453766247462,1.5857390052728333,-0.1940459516425308,2020-03
2020-04-01,2019-10-01,0.991446393860152,20,18,0.991446393860152,1.2177939014969568,-0.0471340569747819,1.5857390052728333,-0.2320338356768679,2020-04
2020-04-02,2019-10-01,0.9751834373232476,20,17,0.9751834373232476,1.1978181071286476,-0.016403263593087636,1.5857390052728333,-0.2446309871008327,2020-04
2020-04-03,2019-10-01,0.9503334167436818,20,18,0.9503334167436818,1.167294819433743,-0.025482406312986594,1.5857390052728333,-0.26387960720376885,2020-04
2020-04-06,2019-10-01,0.9642385745396485,20,18,0.9642385745396485,1.1843745289048226,0.014631872931094803,1.5857390052728333,-0.25310878715438684,2020-04
2020-04-07,2019-10-01,0.9998463452449623,20,17,0.9998463452449623,1.2281115642900657,0.03692838229616968,1.5857390052728333,-0.22552730291277423,2020-04
2020-04-08,2019-10-01,0.9940919420870421,20,18,0.9940919420870421,1.2210434291736667,-0.005755287485208926,1.5857390052728333,-0.22998461593395636,2020-04
2020-04-09,2019-10-01,1.0017408640643588,20,18,1.0017408640643588,1.2304386023213905,0.007694380824834202,1.5857390052728333,-0.2240598243279712,2020-04
2020-04-10,2019-10-01,1.0167100465868897,20,17,1.0167100465868897,1.24882525368169,0.014943168497485892,1.5857390052728333,-0.21246481953893534,2020-04
2020-04-13,2019-10-01,1.0074303314128281,20,18,1.0074303314128281,1.2374269767636594,-0.0091271992493962,1.5857390052728333,-0.21965281004691264,2020-04
2020-04-14,2019-10-01,1.0298074267432935,20,18,1.0298074267432935,1.2649127696369962,0.022212052419628536,1.5857390052728333,-0.20231969735816493,2020-04
2020-04-15,2019-10-01,1.0204857798156597,20,18,1.0204857798156597,1.253462987933537,-0.009051835018429766,1.5857390052728333,-0.2095401678551299,2020-04
2020-04-16,2019-10-01,1.0433655179985126,20,17,1.0433655179985126,1.281566177172486,0.02242043802607996,1.5857390052728333,-0.19181771217642024,2020-04
2020-04-17,2019-10-01,1.052507848313181,20,17,1.052507848313181,1.2927957042267186,0.00876234661483366,1.5857390052728333,-0.18473613884254078,2020-04
2020-04-20,2019-10-01,1.0537379177902746,20,18,1.0537379177902746,1.2943065989325735,0.0011687033774285815,1.5857390052728333,-0.18378333721451065,2020-04
2020-04-21,2019-10-01,1.039289303976317,20,18,1.039289303976317,1.2765593622723892,-0.013711771750851476,1.5857390052728333,-0.19497511379386698,2020-04
2020-04-22,2019-10-01,0.9999605839933468,20,17,0.9999605839933468,1.2282518837788035,-0.03784193663159863,1.5857390052728333,-0.22543881452453937,2020-04
2020-04-23,2019-10-01,1.04596483959432,20,18,1.04596483959432,1.2847589246644397,0.04600606897649406,1.5857390052728333,-0.1898042991990404,2020-04
2020-04-24,2019-10-01,1.042117827074272,20,18,1.042117827074272,1.280033638037841,-0.0036779558685167135,1.5857390052728333,-0.19278416323144829,2020-04
2020-04-27,2019-10-01,1.0583336916024964,20,18,1.0583336916024964,1.299951589277833,0.015560490480956535,1.5857390052728333,-0.1802234888873338,2020-04
2020-04-28,2019-10-01,1.0839049638359728,20,17,1.0839049638359728,1.3313607905945093,0.02416182385232135,1.5857390052728333,-0.16041619322755898,2020-04
2020-04-30,2019-10-01,1.0782651152500138,20,18,1.0782651152500138,1.3244333628930416,-0.005203268528265914,1.5857390052728333,-0.16478477322617976,2020-04
2020-05-01,2019-10-01,1.0817092222375289,20,17,1.0817092222375289,1.328663760533774,0.0031941189034168094,1.5857390052728333,-0.16211699648191996,2020-05
2020-05-07,2019-10-01,1.07296769387244,20,18,1.07296769387244,1.3179265386338381,-0.008081218302832593,1.5857390052728333,-0.16888811194558265,2020-05
2020-05-08,2019-10-01,1.0978100128322787,20,18,1.0978100128322787,1.3484403664269333,0.0231529048840049,1.5857390052728333,-0.14964545745349292,2020-05
2020-05-11,2019-10-01,1.120280194040964,20,18,1.120280194040964,1.3760404967122708,0.02046818752428159,1.5857390052728333,-0.13224024121452632,2020-05
2020-05-12,2019-10-01,1.1131933193433696,20,18,1.1131933193433696,1.3673356864059854,-0.006325984102272808,1.5857390052728333,-0.13772967565319533,2020-05
2020-05-13,2019-10-01,1.117868892742278,20,18,1.117868892742278,1.37307869460739,0.004200145040096359,1.5857390052728333,-0.13410801522716792,2020-05
2020-05-14,2019-10-01,1.1056340109929572,20,18,1.1056340109929572,1.3580505857029355,-0.010944827098021248,1.5857390052728333,-0.143585053286069,2020-05
2020-05-15,2019-10-01,1.1109454658226634,20,18,1.1109454658226634,1.3645746472555815,0.004803990087945964,1.5857390052728333,-0.13947084437088653,2020-05
2020-05-18,2019-10-01,1.1307284097671284,20,18,1.1307284097671284,1.3888740432072137,0.017807304276466596,1.5857390052728333,-0.12414713985782803,2020-05
2020-05-19,2019-10-01,1.1377846623146257,20,18,1.1377846623146257,1.3975412403173952,0.006240448622804484,1.5857390052728333,-0.11868142508297436,2020-05
2020-05-20,2019-10-01,1.153039003530928,20,18,1.153039003530928,1.4162781521863659,0.013407054710396382,1.5857390052728333,-0.10686553873177317,2020-05
2020-05-21,2019-10-01,1.156639936751212,20,18,1.156639936751212,1.4207011795356168,0.0031229934193526265,1.5857390052728333,-0.10407628568663543,2020-05
2020-05-22,2019-10-01,1.1513275642429657,20,18,1.1513275642429657,1.414175990798146,-0.004592935398000986,1.5857390052728333,-0.10819120542801379,2020-05
2020-05-25,2019-10-01,1.1725396890318918,20,18,1.1725396890318918,1.4402308500075995,0.018424057103917146,1.5857390052728333,-0.09176046927104403,2020-05
2020-05-26,2019-10-01,1.181315749310039,20,18,1.181315749310039,1.451010487466652,0.007484659462054788,1.5857390052728333,-0.0849626056735614,2020-05
2020-05-27,2019-10-01,1.1918380532502373,20,18,1.1918380532502373,1.4639350365370059,0.008907274745421745,1.5857390052728333,-0.076812116199961,2020-05
2020-05-28,2019-10-01,1.1952605320774594,20,18,1.1952605320774594,1.4681388683019951,0.0028715972089401465,1.5857390052728333,-0.0741610924495135,2020-05
2020-05-29,2019-10-01,1.1947511091406264,20,18,1.1947511091406264,1.4675131439566351,-0.00042620242462743096,1.5857390052728333,-0.07455568723672588,2020-05
2020-06-01,2019-10-01,1.1954746893211754,20,18,1.1954746893211754,1.4684019177083714,0.0006056325664927087,1.5857390052728333,-0.07399520802244097,2020-06
2020-06-02,2019-10-01,1.2086872581692734,20,18,1.2086872581692734,1.4846309199680658,0.01105215272738258,1.5857390052728333,-0.0637608616352168,2020-06
2020-06-03,2019-10-01,1.2084985866050915,20,18,1.2084985866050915,1.4843991746294682,-0.00015609626303791924,1.5857390052728333,-0.06390700506602541,2020-06
2020-06-04,2019-10-01,1.2030351656841372,20,18,1.2030351656841372,1.4776884530815844,-0.0045208335214542705,1.5857390052728333,-0.0681389256567214,2020-06
2020-06-05,2019-10-01,1.211194395102333,20,18,1.211194395102333,1.487710437011252,0.006782203588833413,1.5857390052728333,-0.06181885413401628,2020-06
2020-06-08,2019-10-01,1.2289658406458315,20,18,1.2289658406458315,1.509539108876602,0.01467266164321801,1.5857390052728333,-0.048053239620678215,2020-06
2020-06-09,2019-10-01,1.231134121634409,20,18,1.231134121634409,1.5122024090620418,0.0017643134714289133,1.5857390052728333,-0.04637370712725778,2020-06
2020-06-10,2019-10-01,1.2420887609717284,20,18,1.2420887609717284,1.5256579958297194,0.008898006435542838,1.5857390052728333,-0.03788833423617318,2020-06
2020-06-11,2019-10-01,1.243995866744813,20,18,1.243995866744813,1.528000494420016,0.00153540216529513,1.5857390052728333,-0.03641110590130377,2020-06
2020-06-12,2019-10-01,1.2271880469039274,20,18,1.2271880469039274,1.5073554442928003,-0.013511154088370891,1.5857390052728333,-0.04943030392731415,2020-06
2020-06-15,2019-10-01,1.2079898651465992,20,18,1.2079898651465992,1.4837743119101634,-0.015644042333824215,1.5857390052728333,-0.06430105649392563,2020-06
2020-06-16,2019-10-01,1.2411246087064522,20,18,1.2411246087064522,1.5244737273145088,0.027429653605439697,1.5857390052728333,-0.03863515859457813,2020-06
2020-06-17,2019-10-01,1.246843966981663,20,18,1.246843966981663,1.531498816791016,0.0046082063276238205,1.5857390052728333,-0.0342049910492585,2020-06
2020-06-18,2019-10-01,1.245007369609305,20,18,1.245007369609305,1.5292429236903762,-0.0014729969595187464,1.5857390052728333,-0.035627604160961356,2020-06
2020-06-19,2019-10-01,1.249730625254893,20,18,1.249730625254893,1.5350445000096096,0.003793757178377488,1.5857390052728333,-0.031969009461617875,2020-06
2020-06-22,2019-10-01,1.2543967401043958,20,18,1.2543967401043958,1.5407758902719564,0.003733696490434646,1.5857390052728333,-0.028354675549612785,2020-06
2020-06-23,2019-10-01,1.297445097844963,20,17,1.297445097844963,1.5936522009334047,0.034317976413893225,1.5936522009334047,0.0,2020-06
2020-06-24,2019-10-01,1.3243027066169284,20,17,1.3243027066169284,1.6266414098042414,0.02070038170907984,1.6266414098042414,0.0,2020-06
2020-06-25,2019-10-01,1.3221254160850462,20,18,1.3221254160850462,1.6239670431940714,-0.0016441033617187184,1.6266414098042414,-0.0016441033617187405,2020-06
2020-06-26,2019-10-01,1.309245271773611,20,17,1.309245271773611,1.608146358091979,-0.009741998871464541,1.6266414098042414,-0.011370085380088898,2020-06
2020-06-29,2019-10-01,1.2560977569530796,20,18,1.2560977569530796,1.5428652497748996,-0.04059400936276325,1.6266414098042414,-0.05150253739047742,2020-06
2020-06-30,2019-10-01,1.2576231316619428,20,18,1.2576231316619428,1.5447388679850773,0.0012143757923455123,1.6266414098042414,-0.050350705032783286,2020-06
2020-07-01,2019-10-01,1.2539982288724574,20,18,1.2539982288724574,1.540286398806822,-0.002882344239879764,1.6266414098042414,-0.05308792120803797,2020-07
2020-07-02,2019-10-01,1.2395181995341844,20,18,1.2395181995341844,1.5225005744487448,-0.011547089146443867,1.6266414098042414,-0.0640219993956932,2020-07
2020-07-03,2019-10-01,1.2676264441283627,20,17,1.2676264441283627,1.5570259396732848,0.02267675021209148,1.6266414098042414,-0.04279706007197646,2020-07
2020-07-06,2019-10-01,1.2741794593513325,20,18,1.2741794593513325,1.5650750102275472,0.0051695160299971565,1.6266414098042414,-0.03784878413005815,2020-07
2020-07-07,2019-10-01,1.281489645089064,20,18,1.281489645089064,1.5740541135510853,0.005737171231321669,1.6266414098042414,-0.032328757854187914,2020-07
2020-07-08,2019-10-01,1.266445641893263,20,18,1.266445641893263,1.5555755599354761,-0.011739465280466987,1.6266414098042414,-0.043688700804264985,2020-07
2020-07-09,2019-10-01,1.2872305158689945,20,17,1.2872305158689945,1.5811056268435604,0.016411974812167385,1.6266414098042414,-0.0279937438492735,2020-07
2020-07-10,2019-10-01,1.2590613456780195,20,18,1.2590613456780195,1.5465054266902902,-0.02188354754156696,1.6266414098042414,-0.04926468896644847,2020-07
2020-07-13,2019-10-01,1.2803731579480588,20,18,1.2803731579480588,1.572682732062549,0.016926746534786652,1.6266414098042414,-0.03317183333491194,2020-07
2020-07-14,2019-10-01,1.1215556992080888,20,14,1.1215556992080888,1.3776072000897523,-0.12403997830952085,1.6266414098042414,-0.1530971781570833,2020-07
2020-07-15,2019-10-01,1.2901556868734523,20,18,1.2901556868734523,1.5846986152614162,0.15032689663510146,1.6266414098042414,-0.025784905197927335,2020-07
2020-07-16,2019-10-01,1.1062975448779069,20,16,1.1062975448779069,1.358865604571865,-0.14250849247590036,1.6266414098042414,-0.16461882970543704,2020-07
2020-07-17,2019-10-01,1.2817841139840425,20,18,1.2817841139840425,1.574415809782678,0.1586251094189155,1.6266414098042414,-0.03210640016096025,2020-07
2020-07-20,2019-10-01,1.2807407008038925,20,18,1.2807407008038925,1.5731341850620706,-0.0008140319175174993,1.6266414098042414,-0.03289429644399019,2020-07
2020-07-21,2019-10-01,1.2841321436112023,20,18,1.2841321436112023,1.5772998952745383,0.0026480323497029,1.6266414098042414,-0.030333369255391797,2020-07
2020-07-22,2019-10-01,1.2283637048713651,20,16,1.2283637048713651,1.5087995053251047,-0.04342889399451255,1.6266414098042414,-0.07244491857201552,2020-07
2020-07-27,2019-10-01,1.2794587522095064,20,18,1.2794587522095064,1.571559567220961,0.04159602496842907,1.6266414098042414,-0.03386231424534388,2020-07
2020-07-28,2019-10-01,1.211507946430701,20,17,1.211507946430701,1.4880955722014726,-0.053109024156863804,1.6266414098042414,-0.08517294393694438,2020-07
2020-07-29,2019-10-01,1.272051733327341,20,18,1.272051733327341,1.5624615237172128,0.04997390819846603,1.6266414098042414,-0.039455460619776284,2020-07
2020-07-30,2019-10-01,1.18594796218725,20,17,1.18594796218725,1.456700235926314,-0.06768889101299902,1.6266414098042414,-0.10447365525901564,2020-07
2020-07-31,2019-10-01,1.166494743641279,20,16,1.166494743641279,1.4328058417800655,-0.016403096228685632,1.6266414098042414,-0.11916306006712511,2020-07
2020-08-03,2019-10-01,1.2844131601467779,20,17,1.2844131601467779,1.5776450679690612,0.10108782499731617,1.6266414098042414,-0.03012116963201907,2020-08
2020-08-04,2019-10-01,1.2931103600502412,20,18,1.2931103600502412,1.588327841206352,0.006771341320163327,1.6266414098042414,-0.02355378903239672,2020-08
2020-08-05,2019-10-01,1.2931568423567885,20,18,1.2931568423567885,1.5883849354373576,3.594612492729965e-05,1.6266414098042414,-0.02351868957491241,2020-08
2020-08-06,2019-10-01,1.3228227310019143,20,17,1.3228227310019143,1.624823555314589,0.022940673299195025,1.6266414098042414,-0.0011175508496805676,2020-08
2020-08-07,2019-10-01,1.2239421568075708,20,17,1.2239421568075708,1.5033685165186397,-0.07474967875661676,1.6266414098042414,-0.0757836930392895,2020-08
2020-08-11,2019-10-01,1.3011222851980002,20,18,1.3011222851980002,1.598168891256676,0.06305864044403853,1.6266414098042414,-0.017503869246136994,2020-08
2020-08-12,2019-10-01,1.3011597141779216,20,18,1.3011597141779216,1.598214865283885,2.876668884033151e-05,1.6266414098042414,-0.01747560608565684,2020-08
2020-08-13,2019-10-01,1.3120885598612484,20,18,1.3120885598612484,1.6116387696986647,0.008399311448273439,1.6266414098042414,-0.009223077695644193,2020-08
2020-08-14,2019-10-01,1.3051015360105664,20,18,1.3051015360105664,1.6030566062174443,-0.0053251160511763596,1.6266414098042414,-0.0144990797877422,2020-08
2020-08-17,2019-10-01,1.218865454248843,20,17,1.218865454248843,1.4971328012505032,-0.06607614762704972,1.6266414098042414,-0.07961718407828065,2020-08
2020-08-18,2019-10-01,1.3223864029410322,20,17,1.3223864029410322,1.624287613427176,0.0849322198207565,1.6266414098042414,-0.001447028437170256,2020-08
2020-08-19,2019-10-01,1.32018869915565,20,17,1.32018869915565,1.621588173211639,-0.0016619225519064473,1.6266414098042414,-0.0031065461398837165,2020-08
2020-08-20,2019-10-01,1.3094703895605349,20,17,1.3094703895605349,1.6084228703368488,-0.008118770901440198,1.6266414098042414,-0.01120009570491945,2020-08
2020-08-21,2019-10-01,1.3075719844752318,20,17,1.3075719844752318,1.6060910588039512,-0.0014497502963317643,1.6266414098042414,-0.012633608659184063,2020-08
2020-08-24,2019-10-01,1.3135200534435163,20,17,1.3135200534435163,1.6133970736930243,0.004548941885346158,1.6266414098042414,-0.008142136325430819,2020-08
2020-08-25,2019-10-01,1.309557368376268,20,18,1.309557368376268,1.6085297064421746,-0.003016843981071826,1.6266414098042414,-0.011134416751536196,2020-08
2020-08-26,2019-10-01,1.3151011643973252,20,18,1.3151011643973252,1.6153391527495045,0.004233335747582334,1.6266414098042414,-0.006948216728416589,2020-08
2020-08-27,2019-10-01,1.3239658640445002,20,17,1.3239658640445002,1.62622766597199,0.006740697892422265,1.6266414098042414,-0.00025435466585173034,2020-08
2020-08-28,2019-10-01,1.310478354056446,20,17,1.310478354056446,1.6096609534280253,-0.010187203729597694,1.6266414098042414,-0.010438967232648814,2020-08
2020-08-31,2019-10-01,1.3227868419849118,20,17,1.3227868419849118,1.624779472824293,0.009392362636411411,1.6266414098042414,-0.0011446511620360653,2020-08
2020-09-01,2019-10-01,1.3251296729192168,20,17,1.3251296729192168,1.6276571727601683,0.0017711326269238548,1.6276571727601683,0.0,2020-09
2020-09-02,2019-10-01,1.3270991734859663,20,18,1.3270991734859663,1.6300763108941465,0.0014862700662423567,1.6300763108941465,0.0,2020-09
2020-09-03,2019-10-01,1.32642328881739,20,18,1.32642328881739,1.629246121554002,-0.0005092947701872408,1.6300763108941465,-0.0005092947701872781,2020-09
2020-09-04,2019-10-01,1.3363751752768585,20,17,1.3363751752768585,1.641470026662522,0.007502798347533091,1.641470026662522,0.0,2020-09
2020-09-07,2019-10-01,1.3207357697699509,20,17,1.3207357697699509,1.62226014021047,-0.011702855452749295,1.641470026662522,-0.01170285545274929,2020-09
2020-09-08,2019-10-01,1.351091338369203,20,16,1.351091338369203,1.6595458941812045,0.0229838316596358,1.6595458941812045,0.0,2020-09
2020-09-09,2019-10-01,1.3679773348586903,20,16,1.3679773348586903,1.6802869687092312,0.012498042145595578,1.6802869687092312,0.0,2020-09
2020-09-10,2019-10-01,1.3110996676552598,20,18,1.3110996676552598,1.6104241131068926,-0.04157793097449669,1.6802869687092312,-0.04157793097449665,2020-09
2020-09-11,2019-10-01,1.3234840529029348,20,18,1.3234840529029348,1.6256358572029983,0.009445800005290828,1.6802869687092312,-0.032524867789824614,2020-09
2020-09-14,2019-10-01,1.3604584725122952,20,17,1.3604584725122952,1.6710515478449877,0.02793718558849312,1.6802869687092312,-0.005496335469016973,2020-09
2020-09-15,2019-10-01,1.3792515792320712,20,16,1.3792515792320712,1.6941351264380962,0.013813804022310139,1.6941351264380962,0.0,2020-09
2020-09-16,2019-10-01,1.3516228276747642,20,18,1.3516228276747642,1.66019872265386,-0.02003169833069174,1.6941351264380962,-0.02003169833069173,2020-09
2020-09-17,2019-10-01,1.3615173009332215,20,18,1.3615173009332215,1.6723521071104417,0.007320439589999506,1.6941351264380962,-0.012857899578207245,2020-09
2020-09-18,2019-10-01,1.3657862432465095,20,18,1.3657862432465095,1.6775956502280112,0.00313543008991668,1.6941351264380962,-0.009762784533521304,2020-09
2020-09-23,2019-10-01,1.3670863417747643,20,18,1.3670863417747643,1.6791925616383088,0.000951904834803674,1.6941351264380962,-0.008820172940516263,2020-09
2020-09-24,2019-10-01,1.3509492519026804,20,17,1.3509492519026804,1.6593713693319663,-0.011804001970449396,1.6941351264380962,-0.02052006157219606,2020-09
2020-09-25,2019-10-01,1.3438198175315026,20,18,1.3438198175315026,1.6506142829659152,-0.005277351729635171,1.6941351264380962,-0.02568912171940096,2020-09
2020-09-28,2019-10-01,1.3656645281242266,20,18,1.3656645281242266,1.6774461475069824,0.016255684212821864,1.6941351264380962,-0.009851031756954471,2020-09
2020-09-29,2019-10-01,1.3856853042362884,20,17,1.3856853042362884,1.70203767278106,0.01466009821574632,1.70203767278106,0.0,2020-09
2020-09-30,2019-10-01,1.3784774702910239,20,17,1.3784774702910239,1.693184288194758,-0.005201638440726075,1.70203767278106,-0.005201638440726078,2020-09
2020-10-02,2020-10-01,1.0,20,0,1.0,1.693184288194758,0.0,1.70203767278106,-0.005201638440726078,2020-10
2020-10-05,2020-10-01,1.0,20,0,1.0,1.693184288194758,0.0,1.70203767278106,-0.005201638440726078,2020-10
2020-10-06,2020-10-01,1.0,20,0,1.0,1.693184288194758,0.0,1.70203767278106,-0.005201638440726078,2020-10
2020-10-07,2020-10-01,1.0,20,0,1.0,1.693184288194758,0.0,1.70203767278106,-0.005201638440726078,2020-10
2020-10-08,2020-10-01,1.0,20,0,1.0,1.693184288194758,0.0,1.70203767278106,-0.005201638440726078,2020-10
2020-10-09,2020-10-01,1.0,20,0,1.0,1.693184288194758,0.0,1.70203767278106,-0.005201638440726078,2020-10
2020-10-12,2020-10-01,1.0,20,0,1.0,1.693184288194758,0.0,1.70203767278106,-0.005201638440726078,2020-10
2020-10-13,2020-10-01,1.0,20,0,1.0,1.693184288194758,0.0,1.70203767278106,-0.005201638440726078,2020-10
2020-10-14,2020-10-01,1.0,20,0,1.0,1.693184288194758,0.0,1.70203767278106,-0.005201638440726078,2020-10
2020-10-15,2020-10-01,1.0,20,0,1.0,1.693184288194758,0.0,1.70203767278106,-0.005201638440726078,2020-10
2020-10-16,2020-10-01,1.0,20,0,1.0,1.693184288194758,0.0,1.70203767278106,-0.005201638440726078,2020-10
2020-10-19,2020-10-01,1.0,20,0,1.0,1.693184288194758,0.0,1.70203767278106,-0.005201638440726078,2020-10
2020-10-20,2020-10-01,1.0,20,0,1.0,1.693184288194758,0.0,1.70203767278106,-0.005201638440726078,2020-10
2020-10-21,2020-10-01,1.0,20,0,1.0,1.693184288194758,0.0,1.70203767278106,-0.005201638440726078,2020-10
2020-10-22,2020-10-01,1.0,20,0,1.0,1.693184288194758,0.0,1.70203767278106,-0.005201638440726078,2020-10
2020-10-23,2020-10-01,1.0,20,0,1.0,1.693184288194758,0.0,1.70203767278106,-0.005201638440726078,2020-10
2020-10-26,2020-10-01,1.0,20,0,1.0,1.693184288194758,0.0,1.70203767278106,-0.005201638440726078,2020-10
2020-10-27,2020-10-01,1.0,20,0,1.0,1.693184288194758,0.0,1.70203767278106,-0.005201638440726078,2020-10
2020-10-28,2020-10-01,1.0,20,0,1.0,1.693184288194758,0.0,1.70203767278106,-0.005201638440726078,2020-10
2020-10-29,2020-10-01,1.0,20,0,1.0,1.693184288194758,0.0,1.70203767278106,-0.005201638440726078,2020-10
2020-10-30,2020-10-01,1.0,20,0,1.0,1.693184288194758,0.0,1.70203767278106,-0.005201638440726078,2020-10
2020-11-02,2020-10-01,1.0,20,0,1.0,1.693184288194758,0.0,1.70203767278106,-0.005201638440726078,2020-11
2020-11-04,2020-10-01,1.0,20,0,1.0,1.693184288194758,0.0,1.70203767278106,-0.005201638440726078,2020-11
2020-11-05,2020-10-01,1.0,20,0,1.0,1.693184288194758,0.0,1.70203767278106,-0.005201638440726078,2020-11
2020-11-06,2020-10-01,1.0,20,0,1.0,1.693184288194758,0.0,1.70203767278106,-0.005201638440726078,2020-11
2020-11-09,2020-10-01,1.0,20,0,1.0,1.693184288194758,0.0,1.70203767278106,-0.005201638440726078,2020-11
2020-11-10,2020-10-01,1.0,20,0,1.0,1.693184288194758,0.0,1.70203767278106,-0.005201638440726078,2020-11
2020-11-11,2020-10-01,1.0,20,0,1.0,1.693184288194758,0.0,1.70203767278106,-0.005201638440726078,2020-11
2020-11-12,2020-10-01,1.0,20,0,1.0,1.693184288194758,0.0,1.70203767278106,-0.005201638440726078,2020-11
2020-11-13,2020-10-01,1.0,20,0,1.0,1.693184288194758,0.0,1.70203767278106,-0.005201638440726078,2020-11
2020-11-16,2020-10-01,1.0,20,0,1.0,1.693184288194758,0.0,1.70203767278106,-0.005201638440726078,2020-11
2020-11-17,2020-10-01,1.0,20,0,1.0,1.693184288194758,0.0,1.70203767278106,-0.005201638440726078,2020-11
2020-11-18,2020-10-01,1.0,20,0,1.0,1.693184288194758,0.0,1.70203767278106,-0.005201638440726078,2020-11
2020-11-19,2020-10-01,1.0,20,0,1.0,1.693184288194758,0.0,1.70203767278106,-0.005201638440726078,2020-11
2020-11-20,2020-10-01,1.0,20,0,1.0,1.693184288194758,0.0,1.70203767278106,-0.005201638440726078,2020-11
2020-11-24,2020-10-01,1.0,20,0,1.0,1.693184288194758,0.0,1.70203767278106,-0.005201638440726078,2020-11
2020-11-25,2020-10-01,1.0,20,0,1.0,1.693184288194758,0.0,1.70203767278106,-0.005201638440726078,2020-11
2020-11-26,2020-10-01,1.0,20,0,1.0,1.693184288194758,0.0,1.70203767278106,-0.005201638440726078,2020-11
2020-11-27,2020-10-01,1.0,20,0,1.0,1.693184288194758,0.0,1.70203767278106,-0.005201638440726078,2020-11
2020-11-30,2020-10-01,1.0,20,0,1.0,1.693184288194758,0.0,1.70203767278106,-0.005201638440726078,2020-11
2020-12-01,2020-10-01,1.0,20,0,1.0,1.693184288194758,0.0,1.70203767278106,-0.005201638440726078,2020-12
2020-12-02,2020-10-01,1.0,20,0,1.0,1.693184288194758,0.0,1.70203767278106,-0.005201638440726078,2020-12
2020-12-03,2020-10-01,1.0,20,0,1.0,1.693184288194758,0.0,1.70203767278106,-0.005201638440726078,2020-12
2020-12-04,2020-10-01,1.0,20,0,1.0,1.693184288194758,0.0,1.70203767278106,-0.005201638440726078,2020-12
2020-12-07,2020-10-01,1.0,20,0,1.0,1.693184288194758,0.0,1.70203767278106,-0.005201638440726078,2020-12
2020-12-08,2020-10-01,1.0,20,0,1.0,1.693184288194758,0.0,1.70203767278106,-0.005201638440726078,2020-12
2020-12-09,2020-10-01,1.0,20,0,1.0,1.693184288194758,0.0,1.70203767278106,-0.005201638440726078,2020-12
2020-12-10,2020-10-01,1.0,20,0,1.0,1.693184288194758,0.0,1.70203767278106,-0.005201638440726078,2020-12
2020-12-11,2020-10-01,1.0,20,0,1.0,1.693184288194758,0.0,1.70203767278106,-0.005201638440726078,2020-12
2020-12-14,2020-10-01,1.0,20,0,1.0,1.693184288194758,0.0,1.70203767278106,-0.005201638440726078,2020-12
2020-12-15,2020-10-01,1.0,20,0,1.0,1.693184288194758,0.0,1.70203767278106,-0.005201638440726078,2020-12
2020-12-16,2020-10-01,1.0,20,0,1.0,1.693184288194758,0.0,1.70203767278106,-0.005201638440726078,2020-12
2020-12-17,2020-10-01,1.0,20,0,1.0,1.693184288194758,0.0,1.70203767278106,-0.005201638440726078,2020-12
2020-12-18,2020-10-01,1.0,20,0,1.0,1.693184288194758,0.0,1.70203767278106,-0.005201638440726078,2020-12
2020-12-21,2020-10-01,1.0,20,0,1.0,1.693184288194758,0.0,1.70203767278106,-0.005201638440726078,2020-12
2020-12-22,2020-10-01,1.0,20,0,1.0,1.693184288194758,0.0,1.70203767278106,-0.005201638440726078,2020-12
2020-12-23,2020-10-01,1.0,20,0,1.0,1.693184288194758,0.0,1.70203767278106,-0.005201638440726078,2020-12
2020-12-24,2020-10-01,1.0,20,0,1.0,1.693184288194758,0.0,1.70203767278106,-0.005201638440726078,2020-12
2020-12-25,2020-10-01,1.0,20,0,1.0,1.693184288194758,0.0,1.70203767278106,-0.005201638440726078,2020-12
2020-12-28,2020-10-01,1.0,20,0,1.0,1.693184288194758,0.0,1.70203767278106,-0.005201638440726078,2020-12
2020-12-29,2020-10-01,1.0,20,0,1.0,1.693184288194758,0.0,1.70203767278106,-0.005201638440726078,2020-12
2020-12-30,2020-10-01,1.0,20,0,1.0,1.693184288194758,0.0,1.70203767278106,-0.005201638440726078,2020-12
2021-01-04,2020-10-01,1.0,20,0,1.0,1.693184288194758,0.0,1.70203767278106,-0.005201638440726078,2021-01
2021-01-05,2020-10-01,1.0,20,0,1.0,1.693184288194758,0.0,1.70203767278106,-0.005201638440726078,2021-01
2021-01-06,2020-10-01,1.0,20,0,1.0,1.693184288194758,0.0,1.70203767278106,-0.005201638440726078,2021-01
2021-01-07,2020-10-01,1.0,20,0,1.0,1.693184288194758,0.0,1.70203767278106,-0.005201638440726078,2021-01
2021-01-08,2020-10-01,1.0,20,0,1.0,1.693184288194758,0.0,1.70203767278106,-0.005201638440726078,2021-01
2021-01-12,2020-10-01,1.0,20,0,1.0,1.693184288194758,0.0,1.70203767278106,-0.005201638440726078,2021-01
2021-01-13,2020-10-01,1.0,20,0,1.0,1.693184288194758,0.0,1.70203767278106,-0.005201638440726078,2021-01
2021-01-14,2020-10-01,1.0,20,0,1.0,1.693184288194758,0.0,1.70203767278106,-0.005201638440726078,2021-01
2021-01-15,2020-10-01,1.0,20,0,1.0,1.693184288194758,0.0,1.70203767278106,-0.005201638440726078,2021-01
2021-01-18,2020-10-01,1.0,20,0,1.0,1.693184288194758,0.0,1.70203767278106,-0.005201638440726078,2021-01
2021-01-19,2020-10-01,1.0,20,0,1.0,1.693184288194758,0.0,1.70203767278106,-0.005201638440726078,2021-01
2021-01-20,2020-10-01,1.0,20,0,1.0,1.693184288194758,0.0,1.70203767278106,-0.005201638440726078,2021-01
2021-01-21,2020-10-01,1.0,20,0,1.0,1.693184288194758,0.0,1.70203767278106,-0.005201638440726078,2021-01
2021-01-22,2020-10-01,1.0,20,0,1.0,1.693184288194758,0.0,1.70203767278106,-0.005201638440726078,2021-01
2021-01-25,2020-10-01,1.0,20,0,1.0,1.693184288194758,0.0,1.70203767278106,-0.005201638440726078,2021-01
2021-01-26,2020-10-01,1.0,20,0,1.0,1.693184288194758,0.0,1.70203767278106,-0.005201638440726078,2021-01
2021-01-27,2020-10-01,1.0,20,0,1.0,1.693184288194758,0.0,1.70203767278106,-0.005201638440726078,2021-01
2021-01-28,2020-10-01,1.0,20,0,1.0,1.693184288194758,0.0,1.70203767278106,-0.005201638440726078,2021-01
2021-01-29,2020-10-01,1.0,20,0,1.0,1.693184288194758,0.0,1.70203767278106,-0.005201638440726078,2021-01
2021-02-01,2020-10-01,1.0,20,0,1.0,1.693184288194758,0.0,1.70203767278106,-0.005201638440726078,2021-02
2021-02-02,2020-10-01,1.0,20,0,1.0,1.693184288194758,0.0,1.70203767278106,-0.005201638440726078,2021-02
2021-02-03,2020-10-01,1.0,20,0,1.0,1.693184288194758,0.0,1.70203767278106,-0.005201638440726078,2021-02
2021-02-04,2020-10-01,1.0,20,0,1.0,1.693184288194758,0.0,1.70203767278106,-0.005201638440726078,2021-02
2021-02-05,2020-10-01,1.0,20,0,1.0,1.693184288194758,0.0,1.70203767278106,-0.005201638440726078,2021-02
2021-02-08,2020-10-01,1.0,20,0,1.0,1.693184288194758,0.0,1.70203767278106,-0.005201638440726078,2021-02
2021-02-09,2020-10-01,1.0,20,0,1.0,1.693184288194758,0.0,1.70203767278106,-0.005201638440726078,2021-02
2021-02-10,2020-10-01,1.0,20,0,1.0,1.693184288194758,0.0,1.70203767278106,-0.005201638440726078,2021-02
2021-02-12,2020-10-01,1.0,20,0,1.0,1.693184288194758,0.0,1.70203767278106,-0.005201638440726078,2021-02
2021-02-15,2020-10-01,1.0,20,0,1.0,1.693184288194758,0.0,1.70203767278106,-0.005201638440726078,2021-02
2021-02-16,2020-10-01,1.0,20,0,1.0,1.693184288194758,0.0,1.70203767278106,-0.005201638440726078,2021-02
2021-02-17,2020-10-01,1.0,20,0,1.0,1.693184288194758,0.0,1.70203767278106,-0.005201638440726078,2021-02
2021-02-18,2020-10-01,1.0,20,0,1.0,1.693184288194758,0.0,1.70203767278106,-0.005201638440726078,2021-02
2021-02-19,2020-10-01,1.0,20,0,1.0,1.693184288194758,0.0,1.70203767278106,-0.005201638440726078,2021-02
2021-02-22,2020-10-01,1.0,20,0,1.0,1.693184288194758,0.0,1.70203767278106,-0.005201638440726078,2021-02
2021-02-24,2020-10-01,1.0,20,0,1.0,1.693184288194758,0.0,1.70203767278106,-0.005201638440726078,2021-02
2021-02-25,2020-10-01,1.0,20,0,1.0,1.693184288194758,0.0,1.70203767278106,-0.005201638440726078,2021-02
2021-02-26,2020-10-01,1.0,20,0,1.0,1.693184288194758,0.0,1.70203767278106,-0.005201638440726078,2021-02
2021-03-01,2020-10-01,1.0,20,0,1.0,1.693184288194758,0.0,1.70203767278106,-0.005201638440726078,2021-03
2021-03-02,2020-10-01,1.0,20,0,1.0,1.693184288194758,0.0,1.70203767278106,-0.005201638440726078,2021-03
2021-03-03,2020-10-01,1.0,20,0,1.0,1.693184288194758,0.0,1.70203767278106,-0.005201638440726078,2021-03
2021-03-04,2020-10-01,1.0,20,0,1.0,1.693184288194758,0.0,1.70203767278106,-0.005201638440726078,2021-03
2021-03-05,2020-10-01,1.0,20,0,1.0,1.693184288194758,0.0,1.70203767278106,-0.005201638440726078,2021-03
2021-03-08,2020-10-01,1.0,20,0,1.0,1.693184288194758,0.0,1.70203767278106,-0.005201638440726078,2021-03
2021-03-09,2020-10-01,1.0,20,0,1.0,1.693184288194758,0.0,1.70203767278106,-0.005201638440726078,2021-03
2021-03-10,2020-10-01,1.0,20,0,1.0,1.693184288194758,0.0,1.70203767278106,-0.005201638440726078,2021-03
2021-03-11,2020-10-01,1.0,20,0,1.0,1.693184288194758,0.0,1.70203767278106,-0.005201638440726078,2021-03
2021-03-12,2020-10-01,1.0,20,0,1.0,1.693184288194758,0.0,1.70203767278106,-0.005201638440726078,2021-03
2021-03-15,2020-10-01,1.0,20,0,1.0,1.693184288194758,0.0,1.70203767278106,-0.005201638440726078,2021-03
2021-03-16,2020-10-01,1.0,20,0,1.0,1.693184288194758,0.0,1.70203767278106,-0.005201638440726078,2021-03
2021-03-17,2020-10-01,1.0,20,0,1.0,1.693184288194758,0.0,1.70203767278106,-0.005201638440726078,2021-03
2021-03-18,2020-10-01,1.0,20,0,1.0,1.693184288194758,0.0,1.70203767278106,-0.005201638440726078,2021-03
2021-03-19,2020-10-01,1.0,20,0,1.0,1.693184288194758,0.0,1.70203767278106,-0.005201638440726078,2021-03
2021-03-22,2020-10-01,1.0,20,0,1.0,1.693184288194758,0.0,1.70203767278106,-0.005201638440726078,2021-03
2021-03-23,2020-10-01,1.0,20,0,1.0,1.693184288194758,0.0,1.70203767278106,-0.005201638440726078,2021-03
2021-03-24,2020-10-01,1.0,20,0,1.0,1.693184288194758,0.0,1.70203767278106,-0.005201638440726078,2021-03
2021-03-25,2020-10-01,1.0,20,0,1.0,1.693184288194758,0.0,1.70203767278106,-0.005201638440726078,2021-03
2021-03-26,2020-10-01,1.0,20,0,1.0,1.693184288194758,0.0,1.70203767278106,-0.005201638440726078,2021-03
2021-03-29,2020-10-01,1.0,20,0,1.0,1.693184288194758,0.0,1.70203767278106,-0.005201638440726078,2021-03
2021-03-30,2020-10-01,1.0,20,0,1.0,1.693184288194758,0.0,1.70203767278106,-0.005201638440726078,2021-03
2021-03-31,2020-10-01,1.0,20,0,1.0,1.693184288194758,0.0,1.70203767278106,-0.005201638440726078,2021-03
2021-04-01,2020-10-01,1.0,20,0,1.0,1.693184288194758,0.0,1.70203767278106,-0.005201638440726078,2021-04
2021-04-02,2020-10-01,1.0,20,0,1.0,1.693184288194758,0.0,1.70203767278106,-0.005201638440726078,2021-04
2021-04-05,2020-10-01,1.0,20,0,1.0,1.693184288194758,0.0,1.70203767278106,-0.005201638440726078,2021-04
2021-04-06,2020-10-01,1.0,20,0,1.0,1.693184288194758,0.0,1.70203767278106,-0.005201638440726078,2021-04
2021-04-07,2020-10-01,1.0,20,0,1.0,1.693184288194758,0.0,1.70203767278106,-0.005201638440726078,2021-04
2021-04-08,2020-10-01,1.0,20,0,1.0,1.693184288194758,0.0,1.70203767278106,-0.005201638440726078,2021-04
2021-04-09,2020-10-01,1.0,20,0,1.0,1.693184288194758,0.0,1.70203767278106,-0.005201638440726078,2021-04
2021-04-12,2020-10-01,1.0,20,0,1.0,1.693184288194758,0.0,1.70203767278106,-0.005201638440726078,2021-04
2021-04-13,2020-10-01,1.0,20,0,1.0,1.693184288194758,0.0,1.70203767278106,-0.005201638440726078,2021-04
2021-04-14,2020-10-01,1.0,20,0,1.0,1.693184288194758,0.0,1.70203767278106,-0.005201638440726078,2021-04
2021-04-15,2020-10-01,1.0,20,0,1.0,1.693184288194758,0.0,1.70203767278106,-0.005201638440726078,2021-04
2021-04-16,2020-10-01,1.0,20,0,1.0,1.693184288194758,0.0,1.70203767278106,-0.005201638440726078,2021-04
2021-04-19,2020-10-01,1.0,20,0,1.0,1.693184288194758,0.0,1.70203767278106,-0.005201638440726078,2021-04
2021-04-20,2020-10-01,1.0,20,0,1.0,1.693184288194758,0.0,1.70203767278106,-0.005201638440726078,2021-04
2021-04-21,2020-10-01,1.0,20,0,1.0,1.693184288194758,0.0,1.70203767278106,-0.005201638440726078,2021-04
2021-04-22,2020-10-01,1.0,20,0,1.0,1.693184288194758,0.0,1.70203767278106,-0.005201638440726078,2021-04
2021-04-23,2020-10-01,1.0,20,0,1.0,1.693184288194758,0.0,1.70203767278106,-0.005201638440726078,2021-04
2021-04-26,2020-10-01,1.0,20,0,1.0,1.693184288194758,0.0,1.70203767278106,-0.005201638440726078,2021-04
2021-04-27,2020-10-01,1.0,20,0,1.0,1.693184288194758,0.0,1.70203767278106,-0.005201638440726078,2021-04
2021-04-28,2020-10-01,1.0,20,0,1.0,1.693184288194758,0.0,1.70203767278106,-0.005201638440726078,2021-04
2021-04-30,2020-10-01,1.0,20,0,1.0,1.693184288194758,0.0,1.70203767278106,-0.005201638440726078,2021-04
2021-05-06,2020-10-01,1.0,20,0,1.0,1.693184288194758,0.0,1.70203767278106,-0.005201638440726078,2021-05
2021-05-07,2020-10-01,1.0,20,0,1.0,1.693184288194758,0.0,1.70203767278106,-0.005201638440726078,2021-05
2021-05-10,2020-10-01,1.0,20,0,1.0,1.693184288194758,0.0,1.70203767278106,-0.005201638440726078,2021-05
2021-05-11,2020-10-01,1.0,20,0,1.0,1.693184288194758,0.0,1.70203767278106,-0.005201638440726078,2021-05
2021-05-12,2020-10-01,1.0,20,0,1.0,1.693184288194758,0.0,1.70203767278106,-0.005201638440726078,2021-05
2021-05-13,2020-10-01,1.0,20,0,1.0,1.693184288194758,0.0,1.70203767278106,-0.005201638440726078,2021-05
2021-05-14,2020-10-01,1.0,20,0,1.0,1.693184288194758,0.0,1.70203767278106,-0.005201638440726078,2021-05
2021-05-17,2020-10-01,1.0,20,0,1.0,1.693184288194758,0.0,1.70203767278106,-0.005201638440726078,2021-05
2021-05-18,2020-10-01,1.0,20,0,1.0,1.693184288194758,0.0,1.70203767278106,-0.005201638440726078,2021-05
2021-05-19,2020-10-01,1.0,20,0,1.0,1.693184288194758,0.0,1.70203767278106,-0.005201638440726078,2021-05
2021-05-20,2020-10-01,1.0,20,0,1.0,1.693184288194758,0.0,1.70203767278106,-0.005201638440726078,2021-05
2021-05-21,2020-10-01,1.0,20,0,1.0,1.693184288194758,0.0,1.70203767278106,-0.005201638440726078,2021-05
2021-05-24,2020-10-01,1.0,20,0,1.0,1.693184288194758,0.0,1.70203767278106,-0.005201638440726078,2021-05
2021-05-25,2020-10-01,1.0,20,0,1.0,1.693184288194758,0.0,1.70203767278106,-0.005201638440726078,2021-05
2021-05-26,2020-10-01,1.0,20,0,1.0,1.693184288194758,0.0,1.70203767278106,-0.005201638440726078,2021-05
2021-05-27,2020-10-01,1.0,20,0,1.0,1.693184288194758,0.0,1.70203767278106,-0.005201638440726078,2021-05
2021-05-28,2020-10-01,1.0,20,0,1.0,1.693184288194758,0.0,1.70203767278106,-0.005201638440726078,2021-05
2021-05-31,2020-10-01,1.0,20,0,1.0,1.693184288194758,0.0,1.70203767278106,-0.005201638440726078,2021-05
2021-06-01,2020-10-01,1.0,20,0,1.0,1.693184288194758,0.0,1.70203767278106,-0.005201638440726078,2021-06
2021-06-02,2020-10-01,1.0,20,0,1.0,1.693184288194758,0.0,1.70203767278106,-0.005201638440726078,2021-06
2021-06-03,2020-10-01,1.0,20,0,1.0,1.693184288194758,0.0,1.70203767278106,-0.005201638440726078,2021-06
2021-06-04,2020-10-01,1.0,20,0,1.0,1.693184288194758,0.0,1.70203767278106,-0.005201638440726078,2021-06
2021-06-07,2020-10-01,1.0,20,0,1.0,1.693184288194758,0.0,1.70203767278106,-0.005201638440726078,2021-06
2021-06-08,2020-10-01,1.0,20,0,1.0,1.693184288194758,0.0,1.70203767278106,-0.005201638440726078,2021-06
2021-06-09,2020-10-01,1.0,20,0,1.0,1.693184288194758,0.0,1.70203767278106,-0.005201638440726078,2021-06
2021-06-10,2020-10-01,1.0,20,0,1.0,1.693184288194758,0.0,1.70203767278106,-0.005201638440726078,2021-06
2021-06-11,2020-10-01,1.0,20,0,1.0,1.693184288194758,0.0,1.70203767278106,-0.005201638440726078,2021-06
2021-06-14,2020-10-01,1.0,20,0,1.0,1.693184288194758,0.0,1.70203767278106,-0.005201638440726078,2021-06
2021-06-15,2020-10-01,1.0,20,0,1.0,1.693184288194758,0.0,1.70203767278106,-0.005201638440726078,2021-06
2021-06-16,2020-10-01,1.0,20,0,1.0,1.693184288194758,0.0,1.70203767278106,-0.005201638440726078,2021-06
2021-06-17,2020-10-01,1.0,20,0,1.0,1.693184288194758,0.0,1.70203767278106,-0.005201638440726078,2021-06
2021-06-18,2020-10-01,1.0,20,0,1.0,1.693184288194758,0.0,1.70203767278106,-0.005201638440726078,2021-06
2021-06-21,2020-10-01,1.0,20,0,1.0,1.693184288194758,0.0,1.70203767278106,-0.005201638440726078,2021-06
2021-06-22,2020-10-01,1.0,20,0,1.0,1.693184288194758,0.0,1.70203767278106,-0.005201638440726078,2021-06
2021-06-23,2020-10-01,1.0,20,0,1.0,1.693184288194758,0.0,1.70203767278106,-0.005201638440726078,2021-06
2021-06-24,2020-10-01,1.0,20,0,1.0,1.693184288194758,0.0,1.70203767278106,-0.005201638440726078,2021-06
2021-06-25,2020-10-01,1.0,20,0,1.0,1.693184288194758,0.0,1.70203767278106,-0.005201638440726078,2021-06
2021-06-28,2020-10-01,1.0,20,0,1.0,1.693184288194758,0.0,1.70203767278106,-0.005201638440726078,2021-06
2021-06-29,2020-10-01,1.0,20,0,1.0,1.693184288194758,0.0,1.70203767278106,-0.005201638440726078,2021-06
2021-06-30,2020-10-01,1.0,20,0,1.0,1.693184288194758,0.0,1.70203767278106,-0.005201638440726078,2021-06
2021-07-01,2020-10-01,1.0,20,0,1.0,1.693184288194758,0.0,1.70203767278106,-0.005201638440726078,2021-07
2021-07-02,2020-10-01,1.0,20,0,1.0,1.693184288194758,0.0,1.70203767278106,-0.005201638440726078,2021-07
2021-07-05,2020-10-01,1.0,20,0,1.0,1.693184288194758,0.0,1.70203767278106,-0.005201638440726078,2021-07
2021-07-06,2020-10-01,1.0,20,0,1.0,1.693184288194758,0.0,1.70203767278106,-0.005201638440726078,2021-07
2021-07-07,2020-10-01,1.0,20,0,1.0,1.693184288194758,0.0,1.70203767278106,-0.005201638440726078,2021-07
2021-07-08,2020-10-01,1.0,20,0,1.0,1.693184288194758,0.0,1.70203767278106,-0.005201638440726078,2021-07
2021-07-09,2020-10-01,1.0,20,0,1.0,1.693184288194758,0.0,1.70203767278106,-0.005201638440726078,2021-07
2021-07-12,2020-10-01,1.0,20,0,1.0,1.693184288194758,0.0,1.70203767278106,-0.005201638440726078,2021-07
2021-07-13,2020-10-01,1.0,20,0,1.0,1.693184288194758,0.0,1.70203767278106,-0.005201638440726078,2021-07
2021-07-14,2020-10-01,1.0,20,0,1.0,1.693184288194758,0.0,1.70203767278106,-0.005201638440726078,2021-07
2021-07-15,2020-10-01,1.0,20,0,1.0,1.693184288194758,0.0,1.70203767278106,-0.005201638440726078,2021-07
2021-07-16,2020-10-01,1.0,20,0,1.0,1.693184288194758,0.0,1.70203767278106,-0.005201638440726078,2021-07
2021-07-19,2020-10-01,1.0,20,0,1.0,1.693184288194758,0.0,1.70203767278106,-0.005201638440726078,2021-07
2021-07-20,2020-10-01,1.0,20,0,1.0,1.693184288194758,0.0,1.70203767278106,-0.005201638440726078,2021-07
2021-07-21,2020-10-01,1.0,20,0,1.0,1.693184288194758,0.0,1.70203767278106,-0.005201638440726078,2021-07
2021-07-26,2020-10-01,1.0,20,0,1.0,1.693184288194758,0.0,1.70203767278106,-0.005201638440726078,2021-07
2021-07-27,2020-10-01,1.0,20,0,1.0,1.693184288194758,0.0,1.70203767278106,-0.005201638440726078,2021-07
2021-07-28,2020-10-01,1.0,20,0,1.0,1.693184288194758,0.0,1.70203767278106,-0.005201638440726078,2021-07
2021-07-29,2020-10-01,1.0,20,0,1.0,1.693184288194758,0.0,1.70203767278106,-0.005201638440726078,2021-07
2021-07-30,2020-10-01,1.0,20,0,1.0,1.693184288194758,0.0,1.70203767278106,-0.005201638440726078,2021-07
2021-08-02,2020-10-01,1.0,20,0,1.0,1.693184288194758,0.0,1.70203767278106,-0.005201638440726078,2021-08
2021-08-03,2020-10-01,1.0,20,0,1.0,1.693184288194758,0.0,1.70203767278106,-0.005201638440726078,2021-08
2021-08-04,2020-10-01,1.0,20,0,1.0,1.693184288194758,0.0,1.70203767278106,-0.005201638440726078,2021-08
2021-08-05,2020-10-01,1.0,20,0,1.0,1.693184288194758,0.0,1.70203767278106,-0.005201638440726078,2021-08
2021-08-06,2020-10-01,1.0,20,0,1.0,1.693184288194758,0.0,1.70203767278106,-0.005201638440726078,2021-08
2021-08-10,2020-10-01,1.0,20,0,1.0,1.693184288194758,0.0,1.70203767278106,-0.005201638440726078,2021-08
2021-08-11,2020-10-01,1.0,20,0,1.0,1.693184288194758,0.0,1.70203767278106,-0.005201638440726078,2021-08
2021-08-12,2020-10-01,1.0,20,0,1.0,1.693184288194758,0.0,1.70203767278106,-0.005201638440726078,2021-08
2021-08-13,2020-10-01,1.0,20,0,1.0,1.693184288194758,0.0,1.70203767278106,-0.005201638440726078,2021-08
2021-08-16,2020-10-01,1.0,20,0,1.0,1.693184288194758,0.0,1.70203767278106,-0.005201638440726078,2021-08
2021-08-17,2020-10-01,1.0,20,0,1.0,1.693184288194758,0.0,1.70203767278106,-0.005201638440726078,2021-08
2021-08-18,2020-10-01,1.0,20,0,1.0,1.693184288194758,0.0,1.70203767278106,-0.005201638440726078,2021-08
2021-08-19,2020-10-01,1.0,20,0,1.0,1.693184288194758,0.0,1.70203767278106,-0.005201638440726078,2021-08
2021-08-20,2020-10-01,1.0,20,0,1.0,1.693184288194758,0.0,1.70203767278106,-0.005201638440726078,2021-08
2021-08-23,2020-10-01,1.0,20,0,1.0,1.693184288194758,0.0,1.70203767278106,-0.005201638440726078,2021-08
2021-08-24,2020-10-01,1.0,20,0,1.0,1.693184288194758,0.0,1.70203767278106,-0.005201638440726078,2021-08
2021-08-25,2020-10-01,1.0,20,0,1.0,1.693184288194758,0.0,1.70203767278106,-0.005201638440726078,2021-08
2021-08-26,2020-10-01,1.0,20,0,1.0,1.693184288194758,0.0,1.70203767278106,-0.005201638440726078,2021-08
2021-08-27,2020-10-01,1.0,20,0,1.0,1.693184288194758,0.0,1.70203767278106,-0.005201638440726078,2021-08
2021-08-30,2020-10-01,1.0,20,0,1.0,1.693184288194758,0.0,1.70203767278106,-0.005201638440726078,2021-08
2021-08-31,2020-10-01,1.0,20,0,1.0,1.693184288194758,0.0,1.70203767278106,-0.005201638440726078,2021-08
2021-09-01,2020-10-01,1.0,20,0,1.0,1.693184288194758,0.0,1.70203767278106,-0.005201638440726078,2021-09
2021-09-02,2020-10-01,1.0,20,0,1.0,1.693184288194758,0.0,1.70203767278106,-0.005201638440726078,2021-09
2021-09-03,2020-10-01,1.0,20,0,1.0,1.693184288194758,0.0,1.70203767278106,-0.005201638440726078,2021-09
2021-09-06,2020-10-01,1.0,20,0,1.0,1.693184288194758,0.0,1.70203767278106,-0.005201638440726078,2021-09
2021-09-07,2020-10-01,1.0,20,0,1.0,1.693184288194758,0.0,1.70203767278106,-0.005201638440726078,2021-09
2021-09-08,2020-10-01,1.0,20,0,1.0,1.693184288194758,0.0,1.70203767278106,-0.005201638440726078,2021-09
2021-09-09,2020-10-01,1.0,20,0,1.0,1.693184288194758,0.0,1.70203767278106,-0.005201638440726078,2021-09
2021-09-10,2020-10-01,1.0,20,0,1.0,1.693184288194758,0.0,1.70203767278106,-0.005201638440726078,2021-09
2021-09-13,2020-10-01,1.0,20,0,1.0,1.693184288194758,0.0,1.70203767278106,-0.005201638440726078,2021-09
2021-09-14,2020-10-01,1.0,20,0,1.0,1.693184288194758,0.0,1.70203767278106,-0.005201638440726078,2021-09
2021-09-15,2020-10-01,1.0,20,0,1.0,1.693184288194758,0.0,1.70203767278106,-0.005201638440726078,2021-09
2021-09-16,2020-10-01,1.0,20,0,1.0,1.693184288194758,0.0,1.70203767278106,-0.005201638440726078,2021-09
2021-09-17,2020-10-01,1.0,20,0,1.0,1.693184288194758,0.0,1.70203767278106,-0.005201638440726078,2021-09
2021-09-21,2020-10-01,1.0,20,0,1.0,1.693184288194758,0.0,1.70203767278106,-0.005201638440726078,2021-09
2021-09-22,2020-10-01,1.0,20,0,1.0,1.693184288194758,0.0,1.70203767278106,-0.005201638440726078,2021-09
2021-09-24,2020-10-01,1.0,20,0,1.0,1.693184288194758,0.0,1.70203767278106,-0.005201638440726078,2021-09
2021-09-27,2020-10-01,1.0,20,0,1.0,1.693184288194758,0.0,1.70203767278106,-0.005201638440726078,2021-09
2021-09-28,2020-10-01,1.0,20,0,1.0,1.693184288194758,0.0,1.70203767278106,-0.005201638440726078,2021-09
2021-09-29,2020-10-01,1.0,20,0,1.0,1.693184288194758,0.0,1.70203767278106,-0.005201638440726078,2021-09
2021-09-30,2020-10-01,1.0,20,0,1.0,1.693184288194758,0.0,1.70203767278106,-0.005201638440726078,2021-09
2021-10-01,2021-10-01,1.0,20,20,1.0,1.693184288194758,0.0,1.70203767278106,-0.005201638440726078,2021-10
2021-10-04,2021-10-01,0.9953634708363115,20,19,0.9953634708363115,1.6853337898630438,-0.0046365291636885075,1.70203767278106,-0.009814050056085247,2021-10
2021-10-05,2021-10-01,0.9845358444608869,20,20,0.9845358444608869,1.667000623005732,-0.010878062830984803,1.70203767278106,-0.02058535503393351,2021-10
2021-10-06,2021-10-01,0.986195453367813,20,20,0.986195453367813,1.6698106467314873,0.0016856764700474702,1.70203767278106,-0.01893437881249425,2021-10
2021-10-07,2021-10-01,0.9855676467192823,20,19,0.9855676467192823,1.6687476543781707,-0.0006365945476496382,1.70203767278106,-0.019558919837828693,2021-10
2021-10-08,2021-10-01,0.9933388043157866,20,19,0.9933388043157866,1.6819056563216572,0.007884956068081816,1.70203767278106,-0.01182818499340727,2021-10
2021-10-11,2021-10-01,1.0054153139717297,20,18,1.0054153139717297,1.7023534127273323,0.012157493096488281,1.7023534127273323,0.0,2021-10
2021-10-12,2021-10-01,0.9982625050679726,20,19,0.9982625050679726,1.6902423890750313,-0.0071142828285567505,1.7023534127273323,-0.007114282828556719,2021-10
2021-10-13,2021-10-01,0.9956247674191788,20,18,0.9956247674191788,1.6857762131317138,-0.0026423286814867275,1.7023534127273323,-0.009737813236477311,2021-10
2021-10-14,2021-10-01,0.986698805785257,20,19,0.986698805785257,1.6706629151361283,-0.008965186409594095,1.7023534127273323,-0.018615698335184595,2021-10
2021-10-15,2021-10-01,1.0066381771481436,20,19,1.0066381771481436,1.7044239454442485,0.020208164078011626,1.7044239454442485,0.0,2021-10
2021-10-18,2021-10-01,1.012149079503081,20,19,1.012149079503081,1.7137549187254038,0.005474561247567511,1.7137549187254038,0.0,2021-10
2021-10-19,2021-10-01,1.0173932324276758,20,18,1.0173932324276758,1.7226342360622182,0.005181206040486996,1.7226342360622182,0.0,2021-10
2021-10-20,2021-10-01,1.0146966638458885,20,19,1.0146966638458885,1.7180684485074964,-0.0026504683693961972,1.7226342360622182,-0.0026504683693961513,2021-10
2021-10-21,2021-10-01,1.006249004485865,20,19,1.006249004485865,1.7037650044070831,-0.00832530514883667,1.7226342360622182,-0.010953707560270257,2021-10
2021-10-22,2021-10-01,1.0068544723502477,20,19,1.0068544723502477,1.704790173082063,0.0006017077897058076,1.7226342360622182,-0.010358590701729668,2021-10
2021-10-25,2021-10-01,1.0085197828814587,20,18,1.0085197828814587,1.7076098507084747,0.0016539734161618025,1.7226342360622182,-0.00872175011921733,2021-10
2021-10-26,2021-10-01,1.0222721465961233,20,20,1.0222721465961233,1.7308951368756844,0.013636186367482539,1.7308951368756844,0.0,2021-10
2021-10-27,2021-10-01,1.0198669737098058,20,18,1.0198669737098058,1.7268227359341797,-0.0023527716120662623,1.7308951368756844,-0.002352771612066309,2021-10
2021-10-28,2021-10-01,1.0152545255903915,20,19,1.0152545255903915,1.719013011248274,-0.0045225977880588575,1.7308951368756844,-0.006864728760436639,2021-10
2021-10-29,2021-10-01,1.0020131591510368,20,17,1.0020131591510368,1.696592937638929,-0.013042410652298941,1.7308951368756844,-0.019817606801225306,2021-10
2021-11-01,2021-10-01,1.015144166255231,20,19,1.015144166255231,1.7188261525559243,0.013104625407633907,1.7308951368756844,-0.006972683707197292,2021-11
2021-11-02,2021-10-01,1.0130333872064623,20,20,1.0130333872064623,1.7152522146346987,-0.002079289936280704,1.7308951368756844,-0.009037475412416757,2021-11
2021-11-04,2021-10-01,1.0173201214040903,20,20,1.0173201214040903,1.7225104456257896,0.004231582346411189,1.7308951368756844,-0.004844135887416863,2021-11
2021-11-05,2021-10-01,1.0082664343916978,20,19,1.0082664343916978,1.7071808850261736,-0.008899545798717545,1.7308951368756844,-0.013700571076949076,2021-11
2021-11-08,2021-10-01,1.0135430124897356,20,19,1.0135430124897356,1.7161151041572036,0.005233317224550005,1.7308951368756844,-0.008538953287002247,2021-11
2021-11-09,2021-10-01,1.0077066300581332,20,18,1.0077066300581332,1.7062330331241187,-0.005758396397273158,1.7308951368756844,-0.014248179006431062,2021-11
2021-11-10,2021-10-01,1.001969529907828,20,19,1.001969529907828,1.696519065289822,-0.005693224574670364,1.7308951368756844,-0.0198602854982377,2021-11
2021-11-11,2021-10-01,0.9975378181415184,20,18,0.9975378181415184,1.6890153605572988,-0.0044230005344746415,1.7308951368756844,-0.024195443979338795,2021-11
2021-11-12,2021-10-01,1.0106483251785496,20,20,1.0106483251785496,1.711213865082667,0.013142867166136218,1.7308951368756844,-0.011370574319448807,2021-11
2021-11-15,2021-10-01,1.0172432579187678,20,19,1.0172432579187678,1.7223803015801056,0.006525447651687388,1.7308951368756844,-0.004919324755252569,2021-11
2021-11-16,2021-10-01,1.011034570914138,20,19,1.011034570914138,1.7118678502935474,-0.006103443749858384,1.7308951368756844,-0.010992743683179929,2021-11
2021-11-17,2021-10-01,1.0149153933362913,20,19,1.0149153933362913,1.7184387978440114,0.0038384665903605786,1.7308951368756844,-0.007196472372183697,2021-11
2021-11-18,2021-10-01,1.0034356796149504,20,19,1.0034356796149504,1.6990015269380632,-0.011311005623438342,1.7308951368756844,-0.018426078656151368,2021-11
2021-11-19,2021-10-01,1.0008504252063066,20,18,1.0008504252063066,1.6946242147923611,-0.002576402714358217,1.7308951368756844,-0.020955008371444924,2021-11
2021-11-22,2021-10-01,1.0133096740160485,20,20,1.0133096740160485,1.7157200191197255,0.012448662153661694,1.7308951368756844,-0.00876720803742649,2021-11
2021-11-24,2021-10-01,1.0193602970703988,20,20,1.0193602970703988,1.7259648390091402,0.005971149007558241,1.7308951368756844,-0.002848409335439885,2021-11
2021-11-25,2021-10-01,1.0170926962457623,20,20,1.0170926962457623,1.7221253729209682,-0.0022245332010217833,1.7308951368756844,-0.005066606155324844,2021-11
2021-11-26,2021-10-01,1.0033282893072435,20,20,1.0033282893072435,1.6988196953563495,-0.013533089942858845,1.7308951368756844,-0.01853112926137862,2021-11
2021-11-29,2021-10-01,0.9780670715780834,20,20,0.9780670715780834,1.6560477983966686,-0.02517741999141876,1.7308951368756844,-0.043241983228468374,2021-11
2021-11-30,2021-10-01,0.974109951354143,20,20,0.974109951354143,1.6493476646069951,-0.004045857731981184,1.7308951368756844,-0.04711289004825841,2021-11
2021-12-01,2021-10-01,0.9685589515980896,20,19,0.9685589515980896,1.6399487990362724,-0.0056985351071887624,1.7308951368756844,-0.052542950697505995,2021-12
2021-12-02,2021-10-01,0.9675906470214853,20,20,0.9675906470214853,1.6383092809409792,-0.0009997373675670884,1.7308951368756844,-0.05349015891385852,2021-12
2021-12-03,2021-10-01,0.9841101336419044,20,20,0.9841101336419044,1.6662798161357162,0.0170728051901603,1.7308951368756844,-0.03733058078642519,2021-12
2021-12-06,2021-10-01,0.9866477547215415,20,19,0.9866477547215415,1.6705764762771496,0.0025785946032748086,1.7308951368756844,-0.03484824661730333,2021-12
2021-12-07,2021-10-01,1.0107222994644434,20,20,1.0107222994644434,1.7113391171812726,0.024400344122504247,1.7308951368756844,-0.01129821170432714,2021-12
2021-12-08,2021-10-01,1.007777113628492,20,19,1.007777113628492,1.7063523747980263,-0.002913941680629639,1.7308951368756844,-0.014179231054954921,2021-12
2021-12-09,2021-10-01,1.0137465632075249,20,19,1.0137465632075249,1.7164597530344154,0.005923382758256768,1.7308951368756844,-0.008339837309454373,2021-12
2021-12-10,2021-10-01,1.0034189649278165,20,19,1.0034189649278165,1.698973225892426,-0.010187554418958134,1.7308951368756844,-0.01844242918197716,2021-12
2021-12-13,2021-10-01,0.9917182965970115,20,20,0.9917182965970115,1.6791618381133289,-0.011660800462991783,1.7308951368756844,-0.02988817615822507,2021-12
2021-12-14,2021-10-01,0.9778093547493079,20,20,0.9778093547493079,1.6556114363113825,-0.014025093512372244,1.7308951368756844,-0.043494085205063975,2021-12
2021-12-15,2021-10-01,0.9687876822468099,20,18,0.9687876822468099,1.6403360821769142,-0.00922641255033918,1.7308951368756844,-0.05231920338180159,2021-12
2021-12-16,2021-10-01,0.9777462416690227,20,19,0.9777462416690227,1.6555045742354642,0.009247185514824174,1.7308951368756844,-0.04355582324663665,2021-12
2021-12-17,2021-10-01,0.9674852591648079,20,18,0.9674852591648079,1.6381308398778862,-0.010494525130262056,1.7308951368756844,-0.05359325069526767,2021-12
2021-12-20,2021-10-01,0.9494038293805497,20,18,0.9494038293805497,1.6075156470590835,-0.018689101061722835,1.7308951368756844,-0.07128074207852042,2021-12
2021-12-21,2021-10-01,0.9594775008839498,20,19,0.9594775008839498,1.624572229373076,0.010610523353347778,1.7308951368756844,-0.061426544703640645,2021-12
2021-12-22,2021-10-01,0.9580466904152146,20,18,0.9580466904152146,1.622149603568029,-0.0014912392082326864,1.7308951368756844,-0.06282618223998496,2021-12
2021-12-23,2021-10-01,0.9673117266674156,20,19,0.9673117266674156,1.6378370173798105,0.00967075649328275,1.7308951368756844,-0.053763002456547734,2021-12
2021-12-24,2021-10-01,0.9714163140750538,20,20,0.9714163140750538,1.6447868402879455,0.0042432933401721495,1.7308951368756844,-0.049747841306647174,2021-12
2021-12-27,2021-10-01,0.9616647516791355,20,19,0.9616647516791355,1.6282756480538259,-0.010038499719045135,1.7308951368756844,-0.05928694733471243,2021-12
2021-12-28,2021-10-01,0.9665070162336186,20,18,0.9665070162336186,1.6364744943167588,0.005035293792382545,1.7308951368756844,-0.054550180740213734,2021-12
2021-12-29,2021-10-01,0.9789242208702326,20,20,0.9789242208702326,1.6574991101107728,0.01284750594465689,1.7308951368756844,-0.04240350856689885,2021-12
2021-12-30,2021-10-01,0.9751330945531028,20,19,0.9751330945531028,1.651080034596047,-0.0038727474878081924,1.7308951368756844,-0.046112037973430296,2021-12
2022-01-04,2021-10-01,0.9819272040961661,20,19,0.9819272040961661,1.662583714126636,0.006967366384151852,1.7308951368756844,-0.03946595105255916,2022-01
2022-01-05,2021-10-01,0.9905004713851487,20,20,0.9905004713851487,1.6770998355988354,0.008731061990358002,1.7308951368756844,-0.03107946872734944,2022-01
2022-01-06,2021-10-01,0.985420641600225,20,19,0.985420641600225,1.6684987476202988,-0.005128548578901659,1.7308951368756844,-0.03604862474107639,2022-01
2022-01-07,2021-10-01,0.9718226051290745,20,19,0.9718226051290745,1.6454747659170474,-0.013799220248795097,1.7308951368756844,-0.04935040207740326,2022-01
2022-01-11,2021-10-01,0.9771543735385878,20,18,0.9771543735385878,1.6545024324163284,0.005486359734146129,1.7308951368756844,-0.04413479640207841,2022-01
2022-01-12,2021-10-01,0.993719660725547,20,18,0.993719660725547,1.6825505164107217,0.016952579485441044,1.7308951368756844,-0.027930415560717396,2022-01
2022-01-13,2021-10-01,0.9812691613139862,20,19,0.9812691613139862,1.661469526426889,-0.01252918695648042,1.7308951368756844,-0.04010965711886544,2022-01
2022-01-14,2021-10-01,0.9752942896947686,20,19,0.9752942896947686,1.651352967677249,-0.006088922239456562,1.7308951368756844,-0.04595435477507401,2022-01
2022-01-17,2021-10-01,0.9777339758854199,20,20,0.9777339758854199,1.6554838060033854,0.002501487208968367,1.7308951368756844,-0.04356782179677195,2022-01
2022-01-18,2021-10-01,0.9688203958241028,20,19,0.9688203958241028,1.6403914722919974,-0.009116569824879961,1.7308951368756844,-0.05228720253212375,2022-01
2022-01-19,2021-10-01,0.9498280311460581,20,20,0.9498280311460581,1.6082338988234668,-0.019603597075275703,1.7308951368756844,-0.0708657823567664,2022-01
2022-01-20,2021-10-01,0.9485318249941115,20,18,0.9485318249941115,1.6060391829327294,-0.0013646745615442102,1.7308951368756844,-0.07213374818784436,2022-01
2022-01-21,2021-10-01,0.9364161894669424,20,18,0.9364161894669424,1.5855251792166325,-0.01277304061700224,1.7308951368756844,-0.08398542150938669,2022-01
2022-01-24,2021-10-01,0.9515740164212576,20,17,0.9515740164212576,1.611190173658854,0.016187062040163847,1.7308951368756844,-0.06915783669766457,2022-01
2022-01-25,2021-10-01,0.9445560645635951,20,20,0.9445560645635951,1.5993074878381528,-0.007375098244123968,1.7308951368756844,-0.07602288910179222,2022-01
2022-01-26,2021-10-01,0.9635375302525111,20,18,0.9635375302525111,1.6314466073095333,0.02009564746978354,1.7308951368756844,-0.05745497081103284,2022-01
2022-01-27,2021-10-01,0.9220386442080258,20,19,0.9220386442080258,1.561181345481426,-0.043069299058449584,1.7308951368756844,-0.09804972454922754,2022-01
2022-01-28,2021-10-01,0.9181553023871205,20,18,0.9181553023871205,1.5546061321245794,-0.004211690958182079,1.7308951368756844,-0.10184846036907337,2022-01
2022-01-31,2021-10-01,0.9389134893960318,20,19,0.9389134893960318,1.5897535682194766,0.022608579349203684,1.7308951368756844,-0.08154253001771815,2022-01
2022-02-01,2021-10-01,0.9457575415172402,20,17,0.9457575415172402,1.6013418097386927,0.007289331976272795,1.7308951368756844,-0.07484758861292963,2022-02
2022-02-02,2021-10-01,0.9691550000601259,20,19,0.9691550000601259,1.640958018927195,0.024739383526723113,1.7308951368756844,-0.05195988828695217,2022-02
2022-02-03,2021-10-01,0.9424717934803368,20,18,0.9424717934803368,1.5957784327876412,-0.0275324448391987,1.7308951368756844,-0.07806175036803949,2022-02
2022-02-04,2021-10-01,0.9612835510415509,20,17,0.9612835510415509,1.6276302051236178,0.019960021818527185,1.7308951368756844,-0.05965984279005071,2022-02
2022-02-07,2021-10-01,0.9520447591618904,20,19,0.9520447591618904,1.6119872278710752,-0.009610891468651794,1.7308951368756844,-0.06869734998461052,2022-02
2022-02-08,2021-10-01,0.9610319062318556,20,17,0.9610319062318556,1.627204124085636,0.009439836713010186,1.7308951368756844,-0.05990600503807157,2022-02
2022-02-09,2021-10-01,0.9784701710148026,20,19,0.9784701710148026,1.6567303200295018,0.018145354664988345,1.7308951368756844,-0.04284766608106151,2022-02
2022-02-10,2021-10-01,0.9753959743155639,20,18,0.9753959743155639,1.6515251384795306,-0.0031418399766345306,1.7308951368756844,-0.045854885547497067,2022-02
2022-02-14,2021-10-01,0.9704373955958793,20,20,0.9704373955958793,1.6431293508995837,-0.005083657150793619,1.7308951368756844,-0.050705432181478376,2022-02
2022-02-15,2021-10-01,0.9671195763524758,20,18,0.9671195763524758,1.6375116714855826,-0.003418890552302156,1.7308951368756844,-0.05395096641074492,2022-02
2022-02-16,2021-10-01,0.9719342461516706,20,17,0.9719342461516706,1.645663794742425,0.004978360398156134,1.7308951368756844,-0.049241193367210195,2022-02
2022-02-17,2021-10-01,0.9605228470140131,20,17,0.9605228470140131,1.6263421930162243,-0.011740916819054759,1.7308951368756844,-0.060403973430869534,2022-02
2022-02-18,2021-10-01,0.9474261212644227,20,17,0.9474261212644227,1.604167022750222,-0.013634996596181281,1.7308951368756844,-0.0732153620549251,2022-02
2022-02-21,2021-10-01,0.9561352889928963,20,18,0.9561352889928963,1.6189132487113265,0.009192450506695371,1.7308951368756844,-0.06469594014024933,2022-02
2022-02-22,2021-10-01,0.9474785429975868,20,20,0.9474785429975868,1.6042557824051755,-0.009053892367499317,1.7308951368756844,-0.07316408242910462,2022-02
2022-02-24,2021-10-01,0.9230937999056621,20,18,0.9230937999056621,1.562967918530263,-0.025736459439785753,1.7308951368756844,-0.09701755742900459,2022-02
2022-02-25,2021-10-01,0.945339120214029,20,20,0.945339120214029,1.6006333453622494,0.024098656399425655,1.7308951368756844,-0.07525689381077195,2022-02
2022-02-28,2021-10-01,0.9608853971159877,20,19,0.9608853971159877,1.6269560571525712,0.01644518519284288,1.7308951368756844,-0.06004932217368538,2022-02
2022-03-01,2021-10-01,0.9549383557508476,20,17,0.9549383557508476,1.6168866201518717,-0.006189126594065897,1.7308951368756844,-0.06586679591093045,2022-03
2022-03-02,2021-10-01,0.9546625818852509,20,19,0.9546625818852509,1.6164196841755485,-0.00028878708655488694,1.7308951368756844,-0.06613656151739349,2022-03
2022-03-03,2021-10-01,0.9632449599999431,20,20,0.9632449599999431,1.630951231954692,0.008989959675327341,1.7308951368756844,-0.05774116686317237,2022-03
2022-03-04,2021-10-01,0.9637385423657168,20,19,0.9637385423657168,1.6317869578613498,0.0005124162453686854,1.7308951368756844,-0.05725833812973083,2022-03
2022-03-07,2021-10-01,0.9458391249473567,20,20,0.9458391249473567,1.601479945520743,-0.018572897763766805,1.7308951368756844,-0.07476778263329092,2022-03
2022-03-08,2021-10-01,0.9214368087427159,20,18,0.9214368087427159,1.560162327127485,-0.025799647700129658,1.7308951368756844,-0.09863844788216179,2022-03
2022-03-09,2021-10-01,0.9221222311559301,20,18,0.9221222311559301,1.5613228735883156,0.0007438626357343381,1.7308951368756844,-0.09796795870225372,2022-03
2022-03-10,2021-10-01,0.9478690763902605,20,18,0.9478690763902605,1.604917027409666,0.027921293256378155,1.7308951368756844,-0.0727820575505299,2022-03
2022-03-11,2021-10-01,0.946101374654675,20,16,0.946101374654675,1.601923982604758,-0.001864921833210742,1.7308951368756844,-0.07451124653554869,2022-03
2022-03-14,2021-10-01,0.9465770672030283,20,19,0.9465770672030283,1.602729417753641,0.0005027923656986122,1.7308951368756844,-0.0740459178557669,2022-03
2022-03-15,2021-10-01,0.9475950518519537,20,19,0.9475950518519537,1.604453053366825,0.0010754376840476088,1.7308951368756844,-0.07305011194213125,2022-03
2022-03-16,2021-10-01,0.9504074193240473,20,19,0.9504074193240473,1.609214909783204,0.0029679001242115532,1.7308951368756844,-0.07029901725422645,2022-03
2022-03-17,2021-10-01,0.9577997875591511,20,20,0.9577997875591511,1.6217315515314317,0.007778104510549166,1.7308951368756844,-0.06306770584686959,2022-03
2022-03-18,2021-10-01,0.9596828276215286,20,19,0.9596828276215286,1.6249198853790905,0.0019660059302959443,1.7308951368756844,-0.06122569140027877,2022-03
2022-03-22,2021-10-01,0.9621941115559284,20,19,0.9621941115559284,1.6291719518800123,0.002616785319191184,1.7308951368756844,-0.058769120571501174,2022-03
2022-03-23,2021-10-01,0.9715360663686224,20,20,0.9715360663686224,1.6449896029898912,0.00970901266230717,1.7308951368756844,-0.04963069804497528,2022-03
2022-03-24,2021-10-01,0.9602778878121729,20,19,0.9602778878121729,1.6259274319444197,-0.011588019164877728,1.7308951368756844,-0.06064359572974158,2022-03
2022-03-25,2021-10-01,0.9700840952013613,20,20,0.9700840952013613,1.6425311482225728,0.01021184337747294,1.7308951368756844,-0.05105103525370758,2022-03
2022-03-28,2021-10-01,0.9729961726084952,20,20,0.9729961726084952,1.647461831934339,0.0030018814054770804,1.7308951368756844,-0.048202403001688994,2022-03
2022-03-29,2021-10-01,0.9657561276785298,20,19,0.9657561276785298,1.6352031016130975,-0.0074409798658875426,1.7308951368756844,-0.05528470975735355,2022-03
2022-03-30,2021-10-01,0.9598059385645337,20,19,0.9598059385645337,1.6251283348934917,-0.006161171483632266,1.7308951368756844,-0.06110526266374797,2022-03
2022-03-31,2021-10-01,0.9539363929218772,20,20,0.9539363929218772,1.6151901124325037,-0.006115346245340936,1.7308951368756844,-0.06684692907048757,2022-03
2022-04-01,2021-10-01,0.9515178275783731,20,19,0.9515178275783731,1.6110950355929101,-0.002535352840555838,1.7308951368756844,-0.06921280135954216,2022-04
2022-04-04,2021-10-01,0.9636672732004234,20,20,0.9636672732004234,1.6316662860304425,0.012768489743351319,1.7308951368756844,-0.057328054560458724,2022-04
2022-04-05,2021-10-01,0.9610254224948663,20,19,0.9610254224948663,1.627193145924037,-0.0027414552501957568,1.7308951368756844,-0.059912347514496186,2022-04
2022-04-06,2021-10-01,0.9579156803698115,20,20,0.9579156803698115,1.6219277794175566,-0.003235858336590014,1.7308951368756844,-0.0629543379819167,2022-04
2022-04-07,2021-10-01,0.9484654954630986,20,19,0.9484654954630986,1.6059268748129751,-0.009865361952384522,1.7308951368756844,-0.07219863260363686,2022-04
2022-04-08,2021-10-01,0.9525490484624699,20,19,0.9525490484624699,1.6128410825915211,0.004305431266508508,1.7308951368756844,-0.06820404758733925,2022-04
2022-04-11,2021-10-01,0.9473088549834471,20,19,0.9473088549834471,1.6039684693257392,-0.005501232180622151,1.7308951368756844,-0.07333007346652523,2022-04
2022-04-12,2021-10-01,0.9458647586492314,20,20,0.9458647586492314,1.6015233481020055,-0.0015244197566811613,1.7308951368756844,-0.07474270741045512,2022-04
2022-04-13,2021-10-01,0.9553677025116873,20,20,0.9553677025116873,1.6176135833415126,0.010046831511120846,1.7308951368756844,-0.06544680328737203,2022-04
2022-04-14,2021-10-01,0.9601436972902893,20,20,0.9601436972902893,1.6257002226611417,0.004999116848984686,1.7308951368756844,-0.060774862655413424,2022-04
2022-04-15,2021-10-01,0.9573428783800931,20,18,0.9573428783800931,1.6209579200883188,-0.0029170830554848814,1.7308951368756844,-0.06351466038884679,2022-04
2022-04-18,2021-10-01,0.9545671493880536,20,19,0.9545671493880536,1.616258099370711,-0.002899409453733237,1.7308951368756844,-0.06622991483579797,2022-04
2022-04-19,2021-10-01,0.968283015319869,20,20,0.968283015319869,1.6394815880654465,0.014368675834495415,1.7308951368756844,-0.052812875178124295,2022-04
2022-04-20,2021-10-01,0.9761094967685092,20,20,0.9761094967685092,1.6527332634861318,0.008082844917046028,1.7308951368756844,-0.04515690854076639,2022-04
2022-04-21,2021-10-01,0.9773163569002024,20,19,0.9773163569002024,1.6547767000991633,0.0012363983095016184,1.7308951368756844,-0.043976342156646794,2022-04
2022-04-22,2021-10-01,0.9640865763867561,20,19,0.9640865763867561,1.6323762435975309,-0.013536845485128013,1.7308951368756844,-0.0569178866929992,2022-04
2022-04-25,2021-10-01,0.9476893951300227,20,20,0.9476893951300227,1.6046127939229484,-0.01700799664506003,1.7308951368756844,-0.07295782411214076,2022-04
2022-04-26,2021-10-01,0.9500815359695163,20,19,0.9500815359695163,1.608663129207528,0.0025241823447494927,1.7308951368756844,-0.07061780061892643,2022-04
2022-04-27,2021-10-01,0.9429984518194969,20,19,0.9429984518194969,1.5966701624127537,-0.007455238189416513,1.7308951368756844,-0.07754656628431612,2022-04
2022-04-28,2021-10-01,0.9483116225858392,20,19,0.9483116225858392,1.6056663396748203,0.005634336680076846,1.7308951368756844,-0.07234915306706892,2022-04
2022-05-02,2021-10-01,0.9622247292442478,20,20,0.9622247292442478,1.6292237932688156,0.01467145010884785,1.7308951368756844,-0.05873916994786207,2022-05
2022-05-06,2021-10-01,0.9733401013076954,20,19,0.9733401013076954,1.648044166604084,0.011551742254824138,1.7308951368756844,-0.0478659674445379,2022-05
2022-05-09,2021-10-01,0.9642125990324255,20,20,0.9642125990324255,1.632589623161135,-0.009377505625224991,1.7308951368756844,-0.056794609690794855,2022-05
2022-05-10,2021-10-01,0.9604535187177806,20,20,0.9604535187177806,1.6262248074343162,-0.0038986011159956035,1.7308951368756844,-0.060471791278067365,2022-05
2022-05-11,2021-10-01,0.971562409169439,20,17,0.971562409169439,1.645034206206341,0.011566296791216901,1.7308951368756844,-0.049604929172269135,2022-05
2022-05-12,2021-10-01,0.9523142827814436,20,16,0.9523142827814436,1.612443581029,-0.019811518237361825,1.7308951368756844,-0.06843369845067147,2022-05
2022-05-13,2021-10-01,0.962904847560516,20,18,0.962904847560516,1.6303753589160344,0.011120871513278452,1.7308951368756844,-0.05807386930504129,2022-05
2022-05-16,2021-10-01,0.9543629121634032,20,19,0.9543629121634032,1.6159122881108683,-0.008871006744595289,1.7308951368756844,-0.06642970236334679,2022-05
2022-05-17,2021-10-01,0.9605067076516395,20,19,0.9605067076516395,1.6263148661014317,0.0064375882695495434,1.7308951368756844,-0.060419761166481234,2022-05
2022-05-18,2021-10-01,0.9626099534137438,20,19,0.9626099534137438,1.629876048780039,0.002189725220395955,1.7308951368756844,-0.05836233862092176,2022-05
2022-05-19,2021-10-01,0.9669584408779524,20,18,0.9669584408779524,1.637238839431849,0.004517392998885317,1.7308951368756844,-0.054108591241921127,2022-05
2022-05-20,2021-10-01,0.9805814713288006,20,17,0.9805814713288006,1.6603051405488238,0.014088537702281245,1.7308951368756844,-0.04078236446736892,2022-05
2022-05-23,2021-10-01,0.9848753057210377,20,19,0.9848753057210377,1.6675753934778699,0.004378865517842501,1.7308951368756844,-0.03658207943902859,2022-05
2022-05-24,2021-10-01,0.9818383436654256,20,18,0.9818383436654256,1.6624332570414637,-0.0030836005715350057,1.7308951368756844,-0.03955287548949751,2022-05
2022-05-25,2021-10-01,0.9750789739075238,20,20,0.9750789739075238,1.650988398369286,-0.006884401899265202,1.7308951368756844,-0.046164979497621376,2022-05
2022-05-26,2021-10-01,0.9802498543690734,20,20,0.9802498543690734,1.6597436519229147,0.0053030375999472135,1.7308951368756844,-0.04110675651975091,2022-05
2022-05-27,2021-10-01,0.984701230331276,20,20,0.984701230331276,1.6672806517629641,0.004541062610070812,1.7308951368756844,-0.036752362264733295,2022-05
2022-05-30,2021-10-01,0.9944253029429946,20,19,0.9944253029429946,1.683745298726391,0.009875150261005716,1.7308951368756844,-0.027240147103538708,2022-05
2022-05-31,2021-10-01,0.9981394923531495,20,17,0.9981394923531495,1.6900341058790445,0.0037350109647880103,1.7308951368756844,-0.023606878386864785,2022-05
2022-06-01,2021-10-01,1.00860163884141,20,18,1.00860163884141,1.7077484479337595,0.010481647673909578,1.7308951368756844,-0.013372669694887117,2022-06
2022-06-02,2021-10-01,0.9922691743537866,20,20,0.9922691743537866,1.6800945756758165,-0.01619317663055231,1.7308951368756844,-0.029349300323048076,2022-06
2022-06-03,2021-10-01,1.002021263761464,20,19,1.002021263761464,1.6966066602379664,0.009828068491625208,1.7308951368756844,-0.019809678765179122,2022-06
2022-06-06,2021-10-01,1.0013137012893853,20,19,1.0013137012893853,1.6954086265773265,-0.0007061351866153309,1.7308951368756844,-0.020501825640582765,2022-06
2022-06-07,2021-10-01,0.996173492662922,20,20,0.996173492662922,1.6867053060929555,-0.0051334647871534855,1.7308951368756844,-0.025530045027737952,2022-06
2022-06-08,2021-10-01,1.0156955760759634,20,18,1.0156955760759634,1.7197597910007447,0.019597071751885187,1.7308951368756844,-0.006433287400090172,2022-06
2022-06-09,2021-10-01,0.9970008554852516,20,19,0.9970008554852516,1.6881061838243607,-0.01840583047819977,1.7308951368756844,-0.024720707880986355,2022-06
2022-06-10,2021-10-01,1.0147294027931453,20,16,1.0147294027931453,1.7181238815786037,0.017781877728946238,1.7308951368756844,-0.007378410756952705,2022-06
2022-06-13,2021-10-01,0.982412433760581,20,18,0.982412433760581,1.6634052973705893,-0.03184786894280245,1.7308951368756844,-0.038991293040961585,2022-06
2022-06-14,2021-10-01,0.9803514204166853,20,18,0.9803514204166853,1.6599156219589453,-0.0020979104834885076,1.7308951368756844,-0.04100740328201466,2022-06
2022-06-15,2021-10-01,0.9702943874120958,20,19,0.9702943874120958,1.6428872116897184,-0.010258599921561529,1.7308951368756844,-0.05084532465948391,2022-06
2022-06-16,2021-10-01,0.9692336968583418,20,18,0.9692336968583418,1.6410912671094655,-0.001093163649624973,1.7308951368756844,-0.05188290604843773,2022-06
2022-06-17,2021-10-01,0.9521643153433798,20,19,0.9521643153433798,1.6121896585191295,-0.017611213446551255,1.7308951368756844,-0.06858039856234253,2022-06
2022-06-20,2021-10-01,0.9487488907758028,20,19,0.9487488907758028,1.606406715303794,-0.003587011729530354,1.7308951368756844,-0.07192141159781384,2022-06
2022-06-21,2021-10-01,0.9604059349234932,20,20,0.9604059349234932,1.626144239301456,0.012286753914577231,1.7308951368756844,-0.06051833836872798,2022-06
2022-06-22,2021-10-01,0.9553067569291629,20,20,0.9553067569291629,1.6175103912387474,-0.00530939867081992,1.7308951368756844,-0.06550642105425274,2022-06
2022-06-23,2021-10-01,0.953965191192013,20,19,0.953965191192013,1.6152388732110248,-0.0014043297897968765,1.7308951368756844,-0.06681875822554019,2022-06
2022-06-24,2021-10-01,0.9606688568731687,20,19,0.9606688568731687,1.626589414615668,0.007027159631243229,1.7308951368756844,-0.06026114467470928,2022-06
2022-06-27,2021-10-01,0.9719622891085923,20,19,0.9719622891085923,1.6457112766364794,0.011755801340518124,1.7308951368756844,-0.049213761379539325,2022-06
2022-06-28,2021-10-01,0.9814343510188492,20,19,0.9814343510188492,1.6617492230397346,0.009745297751154514,1.7308951368756844,-0.03994806638648265,2022-06
2022-06-29,2021-10-01,0.98613476636785,20,19,0.98613476636785,1.6697078924566522,0.004789332413442704,1.7308951368756844,-0.035350058542239,2022-06
2022-06-30,2021-10-01,0.9856782380808271,20,18,0.9856782380808271,1.6689349059339484,-0.00046294715752137616,1.7308951368756844,-0.03579664049063999,2022-06
2022-07-01,2021-10-01,0.9664848777710098,20,20,0.9664848777710098,1.636437009819705,-0.01947223705292289,1.7308951368756844,-0.054571836874230915,2022-07
2022-07-04,2021-10-01,0.9870388245648128,20,19,0.9870388245648128,1.6712386295913633,0.02126670294232258,1.7308951368756844,-0.03446569697572949,2022-07
2022-07-05,2021-10-01,0.9788489978818603,20,20,0.9788489978818603,1.6573717437287498,-0.008297370355784595,1.7308951368756844,-0.04247709267913619,2022-07
2022-07-06,2021-10-01,0.9887038720500411,20,18,0.9887038720500411,1.67405786183245,0.010067818621162017,1.7308951368756844,-0.03283692572262197,2022-07
2022-07-07,2021-10-01,0.9868346031717127,20,18,0.9868346031717127,1.670892845137253,-0.0018906256273201194,1.7308951368756844,-0.03466546901664846,2022-07
2022-07-08,2021-10-01,0.9845768488799743,20,19,0.9845768488799743,1.6670700510438772,-0.0022878750749942833,1.7308951368756844,-0.03687403382911651,2022-07
2022-07-11,2021-10-01,0.9981323564115444,20,18,0.9981323564115444,1.6900220234148373,0.0137678511809316,1.7308951368756844,-0.023613858858384826,2022-07
2022-07-12,2021-10-01,0.984739516053436,20,18,0.984739516053436,1.6673454765461877,-0.013417900213412381,1.7308951368756844,-0.03671491066998182,2022-07
2022-07-13,2021-10-01,0.9922103642095439,20,18,0.9922103642095439,1.6799949992635983,0.007586623705372331,1.7308951368756844,-0.029406829176239026,2022-07
2022-07-14,2021-10-01,1.0202980701377915,20,16,1.0202980701377915,1.727552661632742,0.02830821662563876,1.7308951368756844,-0.001931067441194488,2022-07
2022-07-15,2021-10-01,0.9836096572783186,20,20,0.9836096572783186,1.66543241742028,-0.035958524212946985,1.7308951368756844,-0.03782015331880046,2022-07
2022-07-19,2021-10-01,0.9950907198069647,20,17,0.9950907198069647,1.684871972105565,0.011672376784520822,1.7308951368756844,-0.026589227613864935,2022-07
2022-07-20,2021-10-01,0.997558106052012,20,20,0.997558106052012,1.689049711728587,0.002479559095401873,1.7308951368756844,-0.024175598079632734,2022-07
2022-07-21,2021-10-01,1.0148894815813092,20,19,1.0148894815813092,1.718394924467596,0.017373800507610282,1.7308951368756844,-0.007221819590210214,2022-07
2022-07-22,2021-10-01,1.0325870152398915,20,18,1.0325870152398915,1.7483601103981055,0.017437892479689188,1.7483601103981055,0.0,2022-07
2022-07-25,2021-10-01,1.018687553359849,20,20,1.018687553359849,1.7248257599284555,-0.013460814125009435,1.7483601103981055,-0.013460814125009457,2022-07
2022-07-26,2021-10-01,1.014210773113584,20,20,1.014210773113584,1.717245745953779,-0.004394654898353778,1.7483601103981055,-0.01779631339063298,2022-07
2022-07-27,2021-10-01,1.0178177643046216,20,19,1.0178177643046216,1.7233530467661007,0.0035564512689647554,1.7483601103981055,-0.014303153843009273,2022-07
2022-07-28,2021-10-01,1.026968392807097,20,19,1.026968392807097,1.738846747173599,0.00899043897973928,1.7483601103981055,-0.005441306495113378,2022-07
2022-07-29,2021-10-01,1.0196790011070898,20,19,1.0196790011070898,1.7265044636766498,-0.007097970834411438,1.7483601103981055,-0.012500655094721362,2022-07
2022-08-01,2021-10-01,1.0176840712211006,20,19,1.0176840712211006,1.7231266797376428,-0.001956429311404051,1.7483601103981055,-0.014432627758086392,2022-08
2022-08-02,2021-10-01,1.0207455418006317,20,18,1.0207455418006317,1.7283103136216753,0.0030082720817843356,1.7483601103981055,-0.011467772947453467,2022-08
2022-08-03,2021-10-01,1.0137929129617058,20,18,1.0137929129617058,1.7165382317099562,-0.006811324227447679,1.7483601103981055,-0.018200986455189326,2022-08
2022-08-04,2021-10-01,1.0250178688371507,20,18,1.0250178688371507,1.735544150633939,0.01107223746776076,1.7483601103981055,-0.00733027463160788,2022-08
2022-08-05,2021-10-01,1.032277270415092,20,18,1.032277270415092,1.7478356553274053,0.007082219538452339,1.7483601103981055,-0.00029996970737383336,2022-08
2022-08-08,2021-10-01,1.0228234479732767,20,19,1.0228234479732767,1.7318285917055407,-0.009158220095279002,1.7483601103981055,-0.009455442614050768,2022-08
2022-08-09,2021-10-01,1.0217927096472073,20,18,1.0217927096472073,1.7300833617665998,-0.0010077382642251775,1.7483601103981055,-0.010453652266948586,2022-08
2022-08-10,2021-10-01,1.0085335399720343,20,19,1.0085335399720343,1.7076331439980885,-0.01297637921076078,1.7483601103981055,-0.023294380921756057,2022-08
2022-08-12,2021-10-01,1.0159672135004885,20,19,1.0159672135004885,1.7202197232200365,0.007370774727690543,1.7483601103981055,-0.016095303828260736,2022-08
2022-08-15,2021-10-01,1.0230990962056774,20,18,1.0230990962056774,1.7322953149617102,0.0070197961217823845,1.7483601103981055,-0.009188493457870806,2022-08
2022-08-16,2021-10-01,1.0512409697121259,20,17,1.0512409697121259,1.779944693023193,0.02750649825693041,1.779944693023193,0.0,2022-08
2022-08-17,2021-10-01,1.0063636999723502,20,20,1.0063636999723502,1.7039592050027268,-0.042689802845169655,1.779944693023193,-0.04268980284516971,2022-08
2022-08-18,2021-10-01,1.011495619162935,20,19,1.011495619162935,1.71264848994451,0.005099467708071792,1.779944693023193,-0.03780803040817073,2022-08
2022-08-19,2021-10-01,1.026708304047917,20,18,1.026708304047917,1.7384063689730196,0.015039793150633196,1.779944693023193,-0.023336862214309365,2022-08
2022-08-22,2021-10-01,1.0145039346979585,20,19,1.0145039346979585,1.7177421225423442,-0.01188689066002624,1.779944693023193,-0.03494635014484597,2022-08
2022-08-23,2021-10-01,1.0359692515434937,20,17,1.0359692515434937,1.7540868597663266,0.021158436267598946,1.779944693023193,-0.014527323999571868,2022-08
2022-08-24,2021-10-01,1.0175192039795906,20,19,1.0175192039795906,1.72284752911468,-0.017809454804198266,1.779944693023193,-0.03207805508357385,2022-08
2022-08-25,2021-10-01,1.0127115538408784,20,20,1.0127115538408784,1.7147072914366752,-0.004724874105480392,1.779944693023193,-0.03665136441723572,2022-08
2022-08-26,2021-10-01,1.014444116501002,20,20,1.014444116501002,1.7176408393111096,0.001710815536321908,1.779944693023193,-0.0350032526045862,2022-08
2022-08-29,2021-10-01,1.027528366564284,20,18,1.027528366564284,1.7397948859410697,0.012897950562729577,1.779944693023193,-0.02255677226348526,2022-08
2022-08-30,2021-10-01,1.0217766910801496,20,19,1.0217766910801496,1.7300562393805383,-0.00559758316295067,1.779944693023193,-0.0280280920178033,2022-08
2022-08-31,2021-10-01,1.032279395439021,20,18,1.032279395439021,1.747839253384534,0.010278864697695012,1.779944693023193,-0.018037324285693827,2022-08
2022-09-01,2021-10-01,1.0530810270570103,20,18,1.0530810270570103,1.783060249208929,0.020151164219588624,1.783060249208929,0.0,2022-09
2022-09-02,2021-10-01,1.0014345524698427,20,20,1.0014345524698427,1.6956132498972867,-0.049043210598429754,1.783060249208929,-0.04904321059842981,2022-09
2022-09-05,2021-10-01,1.001449537350446,20,20,1.001449537350446,1.6956386220616846,1.4963414799673558e-05,1.783060249208929,-0.049028981037533496,2022-09
2022-09-06,2021-10-01,1.0156729173864691,20,18,1.0156729173864691,1.7197214256637021,0.01420279255773016,1.783060249208929,-0.03552253692679631,2022-09
2022-09-07,2021-10-01,1.005175910767767,20,19,1.005175910767767,1.7019480589838392,-0.010335026600603925,1.783060249208929,-0.045490437163340905,2022-09
2022-09-08,2021-10-01,1.0206392154743524,20,19,1.0206392154743524,1.7281302835565977,0.015383680150844903,1.783060249208929,-0.030806567347739035,2022-09
2022-09-09,2021-10-01,1.0378898268526167,20,18,1.0378898268526167,1.7573387477040285,0.016901772062762666,1.783060249208929,-0.014425480864324108,2022-09
2022-09-12,2021-10-01,1.0431048001153127,20,19,1.0431048001153127,1.7661686584957812,0.005024592329332611,1.783060249208929,-0.009473370695489302,2022-09
2022-09-13,2021-10-01,1.0485047770386446,20,18,1.0485047770386446,1.775311814578981,0.005176830671985044,1.783060249208929,-0.004345582059487649,2022-09
2022-09-14,2021-10-01,1.02511847060819,20,19,1.02511847060819,1.7357144879720272,-0.022304434793807948,1.783060249208929,-0.026553091101608646,2022-09
2022-09-15,2021-10-01,1.0191542912829896,20,20,1.0191542912829896,1.725616033246622,-0.005818039081533555,1.783060249208929,-0.03221664326137753,2022-09
2022-09-16,2021-10-01,1.020192157891769,20,18,1.020192157891769,1.727373332681849,0.0010183606325915306,1.783060249208929,-0.03123109078999766,2022-09
2022-09-20,2021-10-01,1.0227754574626293,20,19,1.0227754574626293,1.7317473349269301,0.0025321696024391827,1.783060249208929,-0.02877800360630789,2022-09
2022-09-21,2021-10-01,1.0076303244018683,20,20,1.0076303244018683,1.7061038335858305,-0.014807876890528981,1.783060249208929,-0.043159739362279445,2022-09
2022-09-22,2021-10-01,1.0118047959991296,20,20,1.0118047959991296,1.7131719833058288,0.004142860229756851,1.783060249208929,-0.03919568390025336,2022-09
2022-09-26,2021-10-01,1.0013603704645662,20,20,1.0013603704645662,1.6954876460914856,-0.01032256970500911,1.783060249208929,-0.04911365342606661,2022-09
2022-09-27,2021-10-01,1.0087115618836946,20,18,1.0087115618836946,1.707934567901866,0.007341204661133194,1.783060249208929,-0.042133002146390215,2022-09
2022-09-28,2021-10-01,1.0024856021924649,20,19,1.0024856021924649,1.697392870773742,-0.006172190273702416,1.783060249208929,-0.048045139514042795,2022-09
2022-09-29,2021-10-01,1.0283174830074644,20,19,1.0283174830074644,1.7411310055042188,0.025767832234701915,1.783060249208929,-0.023515326374031593,2022-09
2022-09-30,2021-10-01,1.031531059560609,20,20,1.031531059560609,1.7465721828329146,0.0031250820940496027,1.783060249208929,-0.020463731605369243,2022-09
2022-10-03,2022-10-03,1.0,20,20,1.0,1.7465721828329146,0.0,1.783060249208929,-0.020463731605369243,2022-10
2022-10-04,2022-10-03,1.0206191842854013,20,20,1.0206191842854013,1.782585076538502,0.020619184285401326,1.783060249208929,-0.0002664927731060482,2022-10
2022-10-05,2022-10-03,1.0211104999545144,20,20,1.0211104999545144,1.783443194819165,0.0004813898040305631,1.783443194819165,0.0,2022-10
2022-10-06,2022-10-03,1.0283821972057858,20,20,1.0283821972057858,1.7961437389602182,0.007121361744488297,1.7961437389602182,0.0,2022-10
2022-10-07,2022-10-03,1.0177190632918467,20,19,1.0177190632918467,1.7775198058843098,-0.010368843356985291,1.7961437389602182,-0.010368843356985286,2022-10
2022-10-11,2022-10-03,1.0096157858622368,20,20,1.0096157858622368,1.7633668469359753,-0.007962194796076183,1.7961437389602182,-0.018248479402443184,2022-10
2022-10-12,2022-10-03,1.0093520959630995,20,19,1.0093520959630995,1.7629062934932482,-0.00026117846296558334,1.7961437389602182,-0.018504891755606927,2022-10
2022-10-13,2022-10-03,1.0023163181938024,20,20,1.0023163181938024,1.7506177997567998,-0.006970588159906366,1.7961437389602182,-0.025346489936141317,2022-10
2022-10-14,2022-10-03,1.019781403399642,20,20,1.019781403399642,1.7811218317481257,0.0174247240006149,1.7961437389602182,-0.008363421527048078,2022-10
2022-10-17,2022-10-03,1.021331295210941,20,20,1.021331295210941,1.7838288296721412,0.0015198274906094156,1.7961437389602182,-0.006856304994390957,2022-10
2022-10-18,2022-10-03,1.02901082198008,20,20,1.02901082198008,1.79724167750444,0.007519133904100084,1.79724167750444,0.0,2022-10
2022-10-19,2022-10-03,1.0303772208261697,20,20,1.0303772208261697,1.7996281917196753,0.001327876069816547,1.7996281917196753,0.0,2022-10
2022-10-20,2022-10-03,1.025008111506049,20,19,1.025008111506049,1.7902506547345636,-0.005210819117114851,1.7996281917196753,-0.005210819117114831,2022-10
2022-10-21,2022-10-03,1.0214193712183939,20,19,1.0214193712183939,1.7839826607767333,-0.003501182329554653,1.7996281917196753,-0.008693757418854128,2022-10
2022-10-24,2022-10-03,1.0271069917182625,20,20,1.0271069917182625,1.793916500528314,0.005568349945315854,1.7996281917196753,-0.003173817357186066,2022-10
2022-10-25,2022-10-03,1.0426596678872186,20,20,1.0426596678872186,1.8210803720936213,0.015142216238775541,1.8210803720936213,0.0,2022-10
2022-10-26,2022-10-03,1.0409572552407305,20,20,1.0409572552407305,1.8181069855215621,-0.0016327596615852702,1.8210803720936213,-0.0016327596615852622,2022-10
2022-10-27,2022-10-03,1.0310417198144566,20,18,1.0310417198144566,1.8007887871681378,-0.009525401140492384,1.8210803720936213,-0.011142608111335052,2022-10
2022-10-28,2022-10-03,1.0134720721569226,20,20,1.0134720721569226,1.7701021293073134,-0.017040675774687264,1.8210803720936213,-0.027993406313912617,2022-10
2022-10-31,2022-10-03,1.015336246559237,20,20,1.015336246559237,1.7733580444623451,0.0018393939542380444,1.8210803720936213,-0.02620550326200691,2022-10
2022-11-01,2022-10-03,1.0278946525042125,20,20,1.0278946525042125,1.7952922069465627,0.012368716262748602,1.8210803720936213,-0.014160915433628568,2022-11
2022-11-02,2022-10-03,1.032442965000691,20,17,1.032442965000691,1.8032361630317433,0.004424881952053816,1.8210803720936213,-0.009798693860701627,2022-11
2022-11-04,2022-10-03,1.0313811648149904,20,19,1.0313811648149904,1.8013816523636719,-0.0010284347142602845,1.8210803720936213,-0.010817051258041182,2022-11
2022-11-07,2022-10-03,1.0350385751731406,20,19,1.0350385751731406,1.8077695835564218,0.003546128708687535,1.8210803720936213,-0.007309281205363057,2022-11
2022-11-08,2022-10-03,1.041339736847572,20,20,1.041339736847572,1.818775017256517,0.006087852013996198,1.8210803720936213,-0.0012659270136737544,2022-11
2022-11-09,2022-10-03,1.0382956453680101,20,20,1.0382956453680101,1.8134582917563151,-0.002923245288590781,1.8210803720936213,-0.004185471687086148,2022-11
2022-11-10,2022-10-03,1.0416110641898924,20,19,1.0416110641898924,1.8192489100450555,0.0031931356321033277,1.8210803720936213,-0.0010057008337639771,2022-11
2022-11-11,2022-10-03,1.0436601286656526,20,19,1.0436601286656526,1.8228277490592495,0.001967206903042973,1.8228277490592495,0.0,2022-11
2022-11-14,2022-10-03,1.0309023234057568,20,20,1.0309023234057568,1.800545321278316,-0.012224099502782582,1.8228277490592495,-0.012224099502782589,2022-11
2022-11-15,2022-10-03,1.0335505402249754,20,19,1.0335505402249754,1.8051706231088733,0.002568833883766608,1.8228277490592495,-0.009686667300017184,2022-11
2022-11-16,2022-10-03,1.0321011016737303,20,20,1.0321011016737303,1.802639074054543,-0.0014023876867497176,1.8228277490592495,-0.011075470523819764,2022-11
2022-11-17,2022-10-03,1.0255158835860527,20,20,1.0255158835860527,1.7911375153247173,-0.006380400211760673,1.8228277490592495,-0.017385204801104937,2022-11
2022-11-18,2022-10-03,1.0259651439130162,20,20,1.0259651439130162,1.791922180914642,0.0004380822707419352,1.8228277490592495,-0.016954738680359526,2022-11
2022-11-21,2022-10-03,1.033542421015446,20,20,1.033542421015446,1.8051564423233628,0.00738551124020681,1.8228277490592495,-0.00969444685325135,2022-11
2022-11-22,2022-10-03,1.0466257453001102,20,19,1.0466257453001102,1.8280074125779395,0.01265872016342584,1.8280074125779395,0.0,2022-11
2022-11-24,2022-10-03,1.0594741877272553,20,20,1.0594741877272553,1.8504481447139214,0.01227606189207675,1.8504481447139214,0.0,2022-11
2022-11-25,2022-10-03,1.0610542765958397,20,20,1.0610542765958397,1.853207883978195,0.0014913896788499859,1.853207883978195,0.0,2022-11
2022-11-28,2022-10-03,1.0561369618967558,20,20,1.0561369618967558,1.8446194389105395,-0.00463436678739948,1.853207883978195,-0.004634366787399492,2022-11
2022-11-29,2022-10-03,1.0656075164033392,20,19,1.0656075164033392,1.8611604459677409,0.008967165100987273,1.8611604459677409,0.0,2022-11
2022-11-30,2022-10-03,1.0685082118034868,20,20,1.0685082118034868,1.8662267198645102,0.00272210486083857,1.8662267198645102,0.0,2022-11
2022-12-01,2022-10-03,1.075163055856765,20,19,1.075163055856765,1.877849885369057,0.006228163695668698,1.877849885369057,0.0,2022-12
2022-12-02,2022-10-03,1.057960929953956,20,20,1.057960929953956,1.8478051307816212,-0.015999550774278837,1.877849885369057,-0.015999550774278788,2022-12
2022-12-05,2022-10-03,1.054337322482635,20,20,1.054337322482635,1.8414762387707062,-0.0034250862850662145,1.877849885369057,-0.01936983721742075,2022-12
2022-12-06,2022-10-03,1.0578811397776928,20,19,1.0578811397776928,1.8476657714792966,0.003361179785150048,1.877849885369057,-0.016073762937567484,2022-12
2022-12-07,2022-10-03,1.0612244484502193,20,20,1.0612244484502193,1.8535051014053554,0.003160382151466523,1.877849885369057,-0.012964180019595727,2022-12
2022-12-08,2022-10-03,1.062197853180487,20,19,1.062197853180487,1.8552052230298788,0.0009172468007960788,1.877849885369057,-0.012058824571447512,2022-12
2022-12-09,2022-10-03,1.061886534500748,20,20,1.061886534500748,1.8546614824838505,-0.0002930891630092969,1.877849885369057,-0.012348379423656252,2022-12
2022-12-12,2022-10-03,1.0674187925382856,20,20,1.0674187925382856,1.8643239704804675,0.005209839147398698,1.877849885369057,-0.007202873346785806,2022-12
2022-12-13,2022-10-03,1.0686378534232206,20,20,1.0686378534232206,1.8664531483112747,0.001142064289533673,1.877849885369057,-0.0060690352016836025,2022-12
2022-12-14,2022-10-03,1.07083015222444,20,20,1.07083015222444,1.8702821564139422,0.0020514889999418973,1.877849885369057,-0.004029996760698216,2022-12
2022-12-15,2022-10-03,1.0798718840254784,20,20,1.0798718840254784,1.8860741936622718,0.008443665675883283,1.8860741936622718,0.0,2022-12
2022-12-16,2022-10-03,1.0753475827259484,20,20,1.0753475827259484,1.878172174865758,-0.0041896648727111074,1.8860741936622718,-0.004189664872711112,2022-12
2022-12-19,2022-10-03,1.0697179377788175,20,20,1.0697179377788175,1.8683395936018732,-0.0052351863133035526,1.8860741936622718,-0.009402917509815763,2022-12
2022-12-20,2022-10-03,1.057450928299392,20,20,1.057450928299392,1.846914376078561,-0.011467517787816961,1.8860741936622718,-0.02076260717383158,2022-12
2022-12-21,2022-10-03,1.0580241647662503,20,20,1.0580241647662503,1.847915574945761,0.0005420927359534033,1.8860741936622718,-0.020231769696406582,2022-12
2022-12-22,2022-10-03,1.0687629485483727,20,20,1.0687629485483727,1.8666716359770734,0.010149847366194287,1.8860741936622718,-0.010287271704578917,2022-12
2022-12-23,2022-10-03,1.0604195305890556,20,20,1.0604195305890556,1.8520992542595816,-0.0078066122807208815,1.8860741936622718,-0.01801357524367567,2022-12
2022-12-26,2022-10-03,1.0673391116030557,20,20,1.0673391116030557,1.864184801975493,0.006525324000922872,1.8860741936622718,-0.011605795657632777,2022-12
2022-12-27,2022-10-03,1.0791120372953098,20,19,1.0791120372953098,1.8847470665001427,0.011030164232032957,1.8860741936622718,-0.0007036452577468264,2022-12
2022-12-28,2022-10-03,1.076324994196157,20,19,1.076324994196157,1.879879294550806,-0.002582718941897988,1.8860741936622718,-0.0032845468817092787,2022-12
2022-12-29,2022-10-03,1.0670236801077737,20,20,1.0670236801077737,1.863633878100244,-0.008641733805810126,1.8860741936622718,-0.01189789650769492,2022-12
2022-12-30,2022-10-03,1.073386999754629,20,20,1.073386999754629,1.8747478751859157,0.005963616146000383,1.8860741936622718,-0.006005234849411369,2022-12
2023-01-04,2022-10-03,1.0561400891061705,20,20,1.0561400891061705,1.844624900807513,-0.01606774690992263,1.8860741936622718,-0.021976491165639062,2023-01
2023-01-05,2022-10-03,1.04568789721148,20,20,1.04568789721148,1.8263693931946152,-0.009896596107374589,1.8860741936622718,-0.031655594816090024,2023-01
2023-01-06,2022-10-03,1.0551666583188068,20,19,1.0551666583188068,1.8429247336723906,0.009064617781848305,1.8860741936622718,-0.022877922901906635,2023-01
2023-01-10,2022-10-03,1.073940355636926,20,20,1.073940355636926,1.8757143511771426,0.017792163133766303,1.8860741936622718,-0.005492807504572802,2023-01
2023-01-11,2022-10-03,1.0841070646981315,20,19,1.0841070646981315,1.8934712424143991,0.009466735287338768,1.8934712424143991,0.0,2023-01
2023-01-12,2022-10-03,1.0852197170453635,20,20,1.0852197170453635,1.8954145700532383,0.001026330685836685,1.8954145700532383,0.0,2023-01
2023-01-13,2022-10-03,1.0818875948800541,20,20,1.0818875948800541,1.8895947781695082,-0.0030704585559699904,1.8954145700532383,-0.0030704585559699995,2023-01
2023-01-16,2022-10-03,1.063867663067049,20,20,1.063867663067049,1.8581216665283673,-0.0166560111219346,1.8954145700532383,-0.01967532808604692,2023-01
2023-01-17,2022-10-03,1.0748206971901182,20,20,1.0748206971901182,1.87725193124534,0.01029548552260029,1.8954145700532383,-0.009582409618908974,2023-01
2023-01-18,2022-10-03,1.0862974153584852,20,20,1.0862974153584852,1.897296847948423,0.010677797886075702,1.897296847948423,0.0,2023-01
2023-01-19,2022-10-03,1.0807104183311937,20,20,1.0807104183311937,1.8875387543549853,-0.005143155961065959,1.897296847948423,-0.005143155961065966,2023-01
2023-01-20,2022-10-03,1.097144695589223,20,20,1.097144695589223,1.9162424058588228,0.015206920354674303,1.9162424058588228,0.0,2023-01
2023-01-23,2022-10-03,1.1076892144954382,20,20,1.1076892144954382,1.934659169261774,0.009610873523434593,1.934659169261774,0.0,2023-01
2023-01-24,2022-10-03,1.1078095972040625,20,20,1.1078095972040625,1.9348694263519512,0.0001086791376578855,1.9348694263519512,0.0,2023-01
2023-01-25,2022-10-03,1.1234232287415495,20,19,1.1234232287415495,1.9621397608683289,0.014094147204441354,1.9621397608683289,0.0,2023-01
2023-01-26,2022-10-03,1.1116287658163597,20,20,1.1116287658163597,1.9415398800117383,-0.010498681728703274,1.9621397608683289,-0.010498681728703302,2023-01
2023-01-27,2022-10-03,1.1068863182756548,20,20,1.1068863182756548,1.9332568530585985,-0.004266215202898493,1.9621397608683289,-0.014720107296000392,2023-01
2023-01-30,2022-10-03,1.1023830476816077,20,20,1.1023830476816077,1.9253915659072665,-0.004068412916208408,1.9621397608683289,-0.018728632737557795,2023-01
2023-01-31,2022-10-03,1.1116655918430425,20,20,1.1116655918430425,1.9416041993255466,0.008420434422460321,1.9621397608683289,-0.010465901538886506,2023-01
2023-02-01,2022-10-03,1.130027319752535,20,20,1.130027319752535,1.973674282521013,0.016517312440200937,1.973674282521013,0.0,2023-02
2023-02-02,2022-10-03,1.1167777504611869,20,19,1.1167777504611869,1.950532953362227,-0.01172499908608371,1.973674282521013,-0.011724999086083742,2023-02
2023-02-03,2022-10-03,1.1080271464811249,20,20,1.1080271464811249,1.9352493918676639,-0.00783558230493786,1.973674282521013,-0.01946870919565726,2023-02
2023-02-06,2022-10-03,1.1204391428721687,20,20,1.1204391428721687,1.9569278394976837,0.011201888356672463,1.973674282521013,-0.008484907145843093,2023-02
2023-02-07,2022-10-03,1.1216073705702265,20,19,1.1216073705702265,1.9589682334983263,0.0010426516294879118,1.973674282521013,-0.007451102318616808,2023-02
2023-02-08,2022-10-03,1.1190111768972355,20,20,1.1190111768972355,1.9544337938478333,-0.0023147081065195696,1.973674282521013,-0.00974856329819699,2023-02
2023-02-09,2022-10-03,1.1283900632317492,20,19,1.1283900632317492,1.9708146958256467,0.008381405412338339,1.973674282521013,-0.0014488645470485777,2023-02
2023-02-10,2022-10-03,1.1340483892152873,20,19,1.1340483892152873,1.980697370589895,0.0050145124172154,1.980697370589895,0.0,2023-02
2023-02-13,2022-10-03,1.1378253229973765,20,20,1.1378253229973765,1.987294058070094,0.003330487321359099,1.987294058070094,0.0,2023-02
2023-02-14,2022-10-03,1.1520107431678401,20,19,1.1520107431678401,2.0120699183416226,0.012467133472732872,2.0120699183416226,0.0,2023-02
2023-02-15,2022-10-03,1.1562568938757822,20,20,1.1562568938757822,2.0194861270522306,0.003685860338650926,2.0194861270522306,0.0,2023-02
2023-02-16,2022-10-03,1.180512547149433,20,19,1.180512547149433,2.0618503763364293,0.020977737215772008,2.0618503763364293,0.0,2023-02
2023-02-17,2022-10-03,1.1915670041019586,20,20,1.1915670041019586,2.0811577833460344,0.009364116441810566,2.0811577833460344,0.0,2023-02
2023-02-20,2022-10-03,1.1911319234276634,20,20,1.1911319234276634,2.080397883543022,-0.00036513320090070245,2.0811577833460344,-0.00036513320090067843,2023-02
2023-02-21,2022-10-03,1.2081671747474576,20,20,1.2081671747474576,2.1101511796257424,0.01430173348958097,2.1101511796257424,0.0,2023-02
2023-02-22,2022-10-03,1.1988227829089948,20,20,1.1988227829089948,2.0938305247751923,-0.007734353352561563,2.1101511796257424,-0.007734353352561574,2023-02
2023-02-24,2022-10-03,1.2030913227785962,20,20,1.2030913227785962,2.1012858377727515,0.0035606095666982363,2.1101511796257424,-0.004201282798402761,2023-02
2023-02-27,2022-10-03,1.2134597192095797,20,20,1.2134597192095797,2.1193949905596914,0.008618129176625855,2.1193949905596914,0.0,2023-02
2023-02-28,2022-10-03,1.1983653391911309,20,20,1.1983653391911309,2.0930315663023595,-0.012439127380578396,2.1193949905596914,-0.012439127380578443,2023-02
2023-03-01,2022-10-03,1.2028604074284868,20,20,1.2028604074284868,2.1008825274456613,0.0037509998748712636,2.1193949905596914,-0.008734786670955239,2023-03
2023-03-02,2022-10-03,1.2004186227908846,20,20,1.2004186227908846,2.0966177743211567,-0.0020299817190111424,2.1193949905596914,-0.010747036932704864,2023-03
2023-03-03,2022-10-03,1.213790231449887,20,19,1.213790231449887,2.119972254044698,0.011139121307460531,2.119972254044698,0.0,2023-03
2023-03-06,2022-10-03,1.2175179300929495,20,20,1.2175179300929495,2.1264829488006547,0.0030711226260320412,2.1264829488006547,0.0,2023-03
2023-03-07,2022-10-03,1.221820316482703,20,20,1.221820316482703,2.1339973771887975,0.0035337355478823884,2.1339973771887975,0.0,2023-03
2023-03-08,2022-10-03,1.2252332150678298,20,20,1.2252332150678298,2.1399582509204094,0.002793290092729439,2.1399582509204094,0.0,2023-03
2023-03-09,2022-10-03,1.2338001674736185,20,20,1.2338001674736185,2.1549210516840134,0.006992099381924133,2.1549210516840134,0.0,2023-03
2023-03-10,2022-10-03,1.2161061256169716,20,20,1.2161061256169716,2.1240171303753126,-0.014341092117760024,2.1549210516840134,-0.014341092117760044,2023-03
2023-03-13,2022-10-03,1.204694738773814,20,20,1.204694738773814,2.104086319547508,-0.00938354523736007,2.1549210516840134,-0.02359006706847996,2023-03
2023-03-14,2022-10-03,1.1749451157841104,20,20,1.1749451157841104,2.052126455583925,-0.024694739698111423,2.1549210516840134,-0.04770225620087427,2023-03
2023-03-15,2022-10-03,1.199642789603268,20,20,1.199642789603268,2.0952627256571468,0.02102027872397727,2.1549210516840134,-0.02768469219800197,2023-03
2023-03-16,2022-10-03,1.172068998393551,20,20,1.172068998393551,2.0471031089550125,-0.022985001409324357,2.1549210516840134,-0.050033360918138536,2023-03
2023-03-17,2022-10-03,1.175885175429001,20,20,1.175885175429001,2.053768337609895,0.0032559320660134894,2.1549210516840134,-0.046940334076308855,2023-03
2023-03-20,2022-10-03,1.164898146630698,20,19,1.164898146630698,2.034578698738795,-0.009343623874069507,2.1549210516840134,-0.0558453651242462,2023-03
2023-03-22,2022-10-03,1.1796730046686748,20,20,1.1796730046686748,2.0603840547932304,0.012683390458394062,2.1549210516840134,-0.04387028323701457,2023-03
2023-03-23,2022-10-03,1.1865836447684057,20,20,1.1865836447684057,2.07245398655699,0.005858098025793179,2.1549210516840134,-0.03826918163084321,2023-03
2023-03-24,2022-10-03,1.1886910349446471,20,20,1.1886910349446471,2.076134695617189,0.0017760148519936347,2.1549210516840134,-0.036561133413799574,2023-03
2023-03-27,2022-10-03,1.190744861426077,20,19,1.190744861426077,2.07972185181802,0.0017278051411613315,2.1549210516840134,-0.03489649878691722,2023-03
2023-03-28,2022-10-03,1.1837741242096789,20,20,1.1837741242096789,2.0675469561020208,-0.005854098087855419,2.1549210516840134,-0.04054630934795132,2023-03
2023-03-29,2022-10-03,1.1932051625478928,20,20,1.1932051625478928,2.0840189453187756,0.007966923879595855,2.1549210516840134,-0.03290241482852917,2023-03
2023-03-30,2022-10-03,1.1804085729064828,20,20,1.1804085729064828,2.0616687778159615,-0.010724551018606698,2.1549210516840134,-0.043274102220671955,2023-03
2023-03-31,2022-10-03,1.1739664234083622,20,20,1.1739664234083622,2.0504170987048926,-0.005457559057080119,2.1549210516840134,-0.04849549030924065,2023-03
2023-04-03,2022-10-03,1.1741330478410217,20,20,1.1741330478410217,2.0507081203039563,0.00014193287758246242,2.1549210516840134,-0.04836044053614745,2023-04
2023-04-04,2022-10-03,1.176738824536396,20,20,1.176738824536396,2.0552592973947714,0.0022193197782531815,2.1549210516840134,-0.04624844804006112,2023-04
2023-04-05,2022-10-03,1.1602937150924262,20,20,1.1602937150924262,2.026536726696291,-0.013975156679689515,2.1549210516840134,-0.059577275412198344,2023-04
2023-04-06,2022-10-03,1.1497549995034864,20,20,1.1497549995034864,2.008130099205861,-0.009082799856500512,2.1549210516840134,-0.0681189468001342,2023-04
2023-04-07,2022-10-03,1.1550984393384163,20,20,1.1550984393384163,2.0174628025821906,0.004647459534629084,2.1549210516840134,-0.06378806731430038,2023-04
2023-04-10,2022-10-03,1.1649146272547446,20,20,1.1649146272547446,2.0346074833383105,0.008498139710023889,2.1549210516840134,-0.05583200751214574,2023-04
2023-04-11,2022-10-03,1.1754654832534612,20,20,1.1754654832534612,2.0530353149307445,0.00905719247734127,2.1549210516840134,-0.04728049627323834,2023-04
2023-04-12,2022-10-03,1.1831710942439604,20,20,1.1831710942439604,2.066493720738482,0.006555369851585668,2.1549210516840134,-0.04103506756149031,2023-04
2023-04-13,2022-10-03,1.1783454102883837,20,20,1.1783454102883837,2.0580653153785287,-0.0040786019697856,2.1549210516840134,-0.0449463038238893,2023-04
2023-04-14,2022-10-03,1.1803172140817422,20,20,1.1803172140817422,2.061509213034013,0.0016733665495212158,2.1549210516840134,-0.043348148915711496,2023-04
2023-04-17,2022-10-03,1.1798978245564031,20,20,1.1798978245564031,2.0607767189552844,-0.0003553193330874116,2.1549210516840134,-0.043688065813435595,2023-04
2023-04-18,2022-10-03,1.1883318459790801,20,20,1.1883318459790801,2.0755073461615487,0.007148094730870191,2.1549210516840134,-0.03685225751560826,2023-04
2023-04-19,2022-10-03,1.1865476115288698,20,20,1.1865476115288698,2.072391051903159,-0.0015014614446693386,2.1549210516840134,-0.03829838671646889,2023-04
2023-04-20,2022-10-03,1.186203932424129,20,20,1.186203932424129,2.071790791538998,-0.00028964628254402047,2.1549210516840134,-0.03857694001367307,2023-04
2023-04-21,2022-10-03,1.179385570839442,20,20,1.179385570839442,2.0598820308626875,-0.005748051745834926,2.1549210516840134,-0.044103249512113404,2023-04
2023-04-24,2022-10-03,1.1759899386725883,20,20,1.1759899386725883,2.0539513141769277,-0.0028791535616610187,2.1549210516840134,-0.0468554230458608,2023-04
2023-04-25,2022-10-03,1.172663875119278,20,20,1.172663875119278,2.0481421040963816,-0.0028283095321925966,2.1549210516840134,-0.04955121093841783,2023-04
2023-04-26,2022-10-03,1.1662681402710326,20,20,1.1662681402710326,2.0369714915216615,-0.005454022234286593,2.1549210516840134,-0.05473497976651046,2023-04
2023-04-27,2022-10-03,1.1776803122610167,20,19,1.1776803122610167,2.0569036736650723,0.009785204273291548,2.1549210516840134,-0.04548536845112868,2023-04
2023-04-28,2022-10-03,1.1785936752450996,20,20,1.1785936752450996,2.0584989280459007,0.000775561053856233,2.1549210516840134,-0.04474508407756345,2023-04
2023-05-01,2022-10-03,1.1843857652933507,20,20,1.1843857652933507,2.0686152314046398,0.00491440788280717,2.1549210516840134,-0.040050571788663863,2023-05
2023-05-02,2022-10-03,1.1848028158722317,20,20,1.1848028158722317,2.0693436403445475,0.00035212393723571545,2.1549210516840134,-0.039712550616455004,2023-05
2023-05-08,2022-10-03,1.195151120559975,20,20,1.195151120559975,2.0874177014516393,0.008734199943747578,2.1549210516840134,-0.03132520803006774,2023-05
2023-05-09,2022-10-03,1.2141532856210344,20,20,1.2141532856210344,2.1206063543608855,0.01589938270915603,2.1549210516840134,-0.01592387679182578,2023-05
2023-05-10,2022-10-03,1.2030348846641987,20,20,1.2030348846641987,2.101187264532093,-0.00915732888796561,2.1549210516840134,-0.02493538550283725,2023-05
2023-05-11,2022-10-03,1.1923201328310433,20,20,1.1923201328310433,2.082473177034346,-0.008906434858824586,2.1549210516840134,-0.03361973497500115,2023-05
2023-05-12,2022-10-03,1.1827860326516326,20,20,1.1827860326516326,2.065821182872645,-0.007996258653095834,2.1549210516840134,-0.04134716153138838,2023-05
2023-05-15,2022-10-03,1.1979087117012186,20,20,1.1979087117012186,2.092234033430562,0.012785642231235128,2.1549210516840134,-0.029090169314770646,2023-05
2023-05-16,2022-10-03,1.209175998766604,20,20,1.209175998766604,2.111913163594957,0.00940579775013406,2.1549210516840134,-0.019957987813728394,2023-05
2023-05-17,2022-10-03,1.2114308075622187,20,20,1.2114308075622187,2.1158513499149847,0.001864748223513013,2.1549210516840134,-0.01813045621253584,2023-05
2023-05-18,2022-10-03,1.2227083787483914,20,20,1.2227083787483914,2.1355484420386723,0.009309298653933817,2.1549210516840134,-0.008989939390216577,2023-05
2023-05-19,2022-10-03,1.2256066346842676,20,20,1.2256066346842676,2.1406104552350036,0.0023703574672830907,2.1549210516840134,-0.006640891292897451,2023-05
2023-05-22,2022-10-03,1.2368812282801567,20,20,1.2368812282801567,2.1603023467823297,0.0091991943228944,2.1603023467823297,0.0,2023-05
2023-05-23,2022-10-03,1.2340487413845578,20,20,1.2340487413845578,2.155355203962238,-0.0022900233513426516,2.1603023467823297,-0.0022900233513426156,2023-05
2023-05-24,2022-10-03,1.2334505319353932,20,20,1.2334505319353932,2.1543103879788195,-0.00048475350211307777,2.1603023467823297,-0.002773666756616252,2023-05
2023-05-25,2022-10-03,1.2245359729290024,20,20,1.2245359729290024,2.1387404671960346,-0.00722733403211806,2.1603023467823297,-0.009980954572590496,2023-05
2023-05-26,2022-10-03,1.2280748967240633,20,20,1.2280748967240633,2.1449214530536533,0.0028900121134016743,2.1603023467823297,-0.007119787538807,2023-05
2023-05-29,2022-10-03,1.2457091361126844,20,19,1.2457091361126844,2.1757209250352356,0.014359254012651146,2.1757209250352356,0.0,2023-05
2023-05-30,2022-10-03,1.2426467291717036,20,19,1.2426467291717036,2.170372210259604,-0.0024583643582620773,2.1757209250352356,-0.002458364358262115,2023-05
2023-05-31,2022-10-03,1.2180412485092704,20,20,1.2180412485092704,2.127396962189365,-0.019800865430864678,2.1757209250352356,-0.022210552047288824,2023-05
2023-06-01,2022-10-03,1.2259191065567814,20,20,1.2259191065567814,2.141156209915454,0.006467644718233023,2.1757209250352356,-0.015886557288693575,2023-06
2023-06-02,2022-10-03,1.2448074675755045,20,20,1.2448074675755045,2.1741460958500616,0.015407510102175337,2.1757209250352356,-0.0007238194784326663,2023-06
2023-06-05,2022-10-03,1.269297168996577,20,20,1.269297168996577,2.2169191271179907,0.019673485305137905,2.2169191271179907,0.0,2023-06
2023-06-06,2022-10-03,1.2803091495458858,20,20,1.2803091495458858,2.23615234602331,0.008675652020884828,2.23615234602331,0.0,2023-06
2023-06-07,2022-10-03,1.274447845976555,20,20,1.274447845976555,2.225915156253978,-0.004578037711758687,2.23615234602331,-0.004578037711758654,2023-06
2023-06-08,2022-10-03,1.2719900398204462,20,20,1.2719900398204462,2.221622420390923,-0.0019285262742355647,2.23615234602331,-0.006497735119982623,2023-06
2023-06-09,2022-10-03,1.300459937932517,20,20,1.300459937932517,2.2713471524815527,0.022382170630903087,2.2713471524815527,0.0,2023-06
2023-06-12,2022-10-03,1.2912972002754897,20,20,1.2912972002754897,2.2553437697711933,-0.007045766955031452,2.2713471524815527,-0.007045766955031489,2023-06
2023-06-13,2022-10-03,1.304508690488469,20,19,1.304508690488469,2.2784185910709525,0.01023117699795284,2.2784185910709525,0.0,2023-06
2023-06-14,2022-10-03,1.300970754833188,20,20,1.300970754833188,2.272239331070786,-0.0027120828562332555,2.2784185910709525,-0.002712082856233258,2023-06
2023-06-15,2022-10-03,1.3017382319843969,20,20,1.3017382319843969,2.273579785314047,0.0005899265209132754,2.2784185910709525,-0.002123756264923689,2023-06
2023-06-16,2022-10-03,1.309970226598189,20,20,1.309970226598189,2.2879575581157265,0.006323847922360848,2.2879575581157265,0.0,2023-06
2023-06-19,2022-10-03,1.3189587617214464,20,20,1.3189587617214464,2.303656683526425,0.006861633143067314,2.303656683526425,0.0,2023-06
2023-06-20,2022-10-03,1.3198087442860797,20,20,1.3198087442860797,2.305141239429706,0.0006444345261589213,2.305141239429706,0.0,2023-06
2023-06-21,2022-10-03,1.325549464883692,20,20,1.325549464883692,2.315167822334912,0.004349660981157966,2.315167822334912,0.0,2023-06
2023-06-22,2022-10-03,1.3389739248390722,20,20,1.3389739248390722,2.338614610662533,0.010127468126251982,2.338614610662533,0.0,2023-06
2023-06-23,2022-10-03,1.3209389489576737,20,20,1.3209389489576737,2.3071152234700203,-0.01346925100394758,2.338614610662533,-0.013469251003947615,2023-06
2023-06-26,2022-10-03,1.3183861389931282,20,20,1.3183861389931282,2.3026565565978863,-0.0019325722559395686,2.338614610662533,-0.01537579295908869,2023-06
2023-06-27,2022-10-03,1.3217653701656487,20,20,1.3217653701656487,2.308558627763172,0.00256315738809354,2.338614610662533,-0.012852046148316011,2023-06
2023-06-28,2022-10-03,1.3348507862245365,20,20,1.3348507862245365,2.331413251452421,0.009899953769592296,2.338614610662533,-0.0030793270414367063,2023-06
2023-06-29,2022-10-03,1.3321072934018987,20,20,1.3321072934018987,2.3266215432046002,-0.0020552805234489435,2.338614610662533,-0.005128278683992008,2023-06
2023-06-30,2022-10-03,1.3345263665300449,20,20,1.3345263665300449,2.330846629038459,0.0018159746892221218,2.338614610662533,-0.003321616819059232,2023-06
2023-07-03,2022-10-03,1.3575202294153106,20,20,1.3575202294153106,2.371007070329738,0.017229980210172302,2.371007070329738,0.0,2023-07
2023-07-04,2022-10-03,1.3666554999346823,20,20,1.3666554999346823,2.386962479701526,0.006729380764591841,2.386962479701526,0.0,2023-07
2023-07-05,2022-10-03,1.3714461128768827,20,20,1.3714461128768827,2.395329631005093,0.0035053551845578568,2.395329631005093,0.0,2023-07
2023-07-06,2022-10-03,1.357320107615625,20,20,1.357320107615625,2.3706575431612285,-0.010300080425052816,2.395329631005093,-0.01030008042505277,2023-07
2023-07-07,2022-10-03,1.3490708066463686,20,20,1.3490708066463686,2.3562495435605086,-0.0060776385194408755,2.395329631005093,-0.01631511877894903,2023-07
2023-07-10,2022-10-03,1.3570696048959727,20,19,1.3570696048959727,2.37022002207936,0.005929116700322146,2.395329631005093,-0.010482736321846807,2023-07
2023-07-11,2022-10-03,1.3347164305147463,20,20,1.3347164305147463,2.3311785895070964,-0.01647164913323662,2.395329631005093,-0.026781717500433677,2023-07
2023-07-12,2022-10-03,1.323998666212977,20,20,1.323998666212977,2.3124592405154667,-0.008029993530263013,2.395329631005093,-0.03459665401243892,2023-07
2023-07-13,2022-10-03,1.342733874508691,20,19,1.342733874508691,2.3451816341643412,0.014150473692924548,2.395329631005093,-0.020935739361980548,2023-07
2023-07-14,2022-10-03,1.3414503630714536,20,19,1.3414503630714536,2.3429398887917143,-0.000955894136287494,2.395329631005093,-0.02187162114777311,2023-07
2023-07-18,2022-10-03,1.3329077905181157,20,20,1.3329077905181157,2.3280196692002226,-0.006368161497812164,2.395329631005093,-0.02810050062989729,2023-07
2023-07-19,2022-10-03,1.3564242747827642,20,20,1.3564242747827642,2.3690929064548856,0.017642994085515395,2.395329631005093,-0.010953283510795232,2023-07
2023-07-20,2022-10-03,1.3429054244812508,20,19,1.3429054244812508,2.34548125857438,-0.00996653521530233,2.395329631005093,-0.02081065244026401,2023-07
2023-07-21,2022-10-03,1.3524492394316263,20,20,1.3524492394316263,2.3621502202848106,0.007106840717440832,2.395329631005093,-0.013851709714942258,2023-07
2023-07-24,2022-10-03,1.366524962855109,20,20,1.366524962855109,2.3867344872695155,0.010407579828576985,2.395329631005093,-0.003588292660985779,2023-07
2023-07-25,2022-10-03,1.3717927505757939,20,20,1.3717927505757939,2.3959350587675323,0.003854878515851423,2.3959350587675323,0.0,2023-07
2023-07-26,2022-10-03,1.3721982457468382,20,20,1.3721982457468382,2.3966432853535515,0.0002955950677492325,2.3966432853535515,0.0,2023-07
2023-07-27,2022-10-03,1.3810367273349653,20,20,1.3810367273349653,2.412080331433855,0.006441111272020628,2.412080331433855,0.0,2023-07
2023-07-28,2022-10-03,1.3692811558120421,20,20,1.3692811558120421,2.391548377218615,-0.008512135333003212,2.412080331433855,-0.00851213533300322,2023-07
2023-07-31,2022-10-03,1.3904525025833467,20,20,1.3904525025833467,2.428525662562485,0.015461650575881336,2.428525662562485,0.0,2023-07
2023-08-01,2022-10-03,1.3867310003898332,20,20,1.3867310003898332,2.4220257903529423,-0.002676468406219823,2.428525662562485,-0.0026764684062198516,2023-08
2023-08-02,2022-10-03,1.365376471855437,20,20,1.365376471855437,2.3847285648372543,-0.015399185947666205,2.428525662562485,-0.01803443891921557,2023-08
2023-08-03,2022-10-03,1.3644525788607025,20,20,1.3644525788607025,2.3831149190327365,-0.0006766580600873207,2.428525662562485,-0.018698893830849106,2023-08
2023-08-04,2022-10-03,1.3869696018526496,20,20,1.3869696018526496,2.422442525030681,0.016502605763513367,2.428525662562485,-0.0025048685404400126,2023-08
2023-08-07,2022-10-03,1.4091734446416206,20,19,1.4091734446416206,2.4612231391978927,0.016008889278692262,2.4612231391978927,0.0,2023-08
2023-08-08,2022-10-03,1.4082403838978208,20,20,1.4082403838978208,2.4595934812578784,-0.0006621333572157662,2.4612231391978927,-0.0006621333572158161,2023-08
2023-08-09,2022-10-03,1.4230331963805958,20,19,1.4230331963805958,2.4854301960461567,0.010504465467628732,2.4854301960461567,0.0,2023-08
2023-08-10,2022-10-03,1.4415837659901511,20,19,1.4415837659901511,2.517830104901912,0.013035935954788691,2.517830104901912,0.0,2023-08
2023-08-14,2022-10-03,1.4078191867627419,20,20,1.4078191867627419,2.458857830058261,-0.023421864219050903,2.517830104901912,-0.023421864219050872,2023-08
2023-08-15,2022-10-03,1.4128521017617997,20,20,1.4128521017617997,2.467648179394178,0.003574972586238845,2.517830104901912,-0.019930624155313773,2023-08
2023-08-16,2022-10-03,1.3893838341505154,20,20,1.3893838341505154,2.4266591560050297,-0.01661056212608525,2.517830104901912,-0.03621012741065551,2023-08
2023-08-17,2022-10-03,1.3952122533424056,20,19,1.3952122533424056,2.436838910835475,0.004194966897289376,2.517830104901912,-0.0321670607992005,2023-08
2023-08-18,2022-10-03,1.3718944026678808,20,20,1.3718944026678808,2.396112601483898,-0.016712762247223734,2.517830104901912,-0.04834222260709526,2023-08
2023-08-21,2022-10-03,1.382091242309774,20,20,1.382091242309774,2.4139221179552366,0.007432670927196572,2.517830104901912,-0.041268863512426486,2023-08
2023-08-22,2022-10-03,1.402146154499531,20,19,1.402146154499531,2.448949469715023,0.014510555870566932,2.517830104901912,-0.027357141791571487,2023-08
2023-08-23,2022-10-03,1.4171716680251254,20,19,1.4171716680251254,2.475192613671606,0.010716082255317616,2.517830104901912,-0.016934220917962726,2023-08
2023-08-24,2022-10-03,1.4266791098709535,20,19,1.4266791098709535,2.4917980471294308,0.00670874394425125,2.517830104901912,-0.010339084325745417,2023-08
2023-08-25,2022-10-03,1.423947942776388,20,19,1.423947942776388,2.487027866655394,-0.0019143527620675282,2.517830104901912,-0.012233644433176732,2023-08
2023-08-28,2022-10-03,1.4461869370631781,20,19,1.4461869370631781,2.5258698754508817,0.015617842210880806,2.5258698754508817,0.0,2023-08
2023-08-29,2022-10-03,1.435714860428454,20,20,1.435714860428454,2.507579637704178,-0.007241163895443603,2.5258698754508817,-0.007241163895443611,2023-08
2023-08-30,2022-10-03,1.4321386803876828,20,20,1.4321386803876828,2.501333581124165,-0.0024908706730971675,2.5258698754508817,-0.009713997765754582,2023-08
2023-08-31,2022-10-03,1.440453168932715,20,20,1.440453168932715,2.515855435531401,0.0058056448435435115,2.5258698754508817,-0.003964748943249967,2023-08
2023-09-01,2022-10-03,1.4758109343262222,20,19,1.4758109343262222,2.5776103250148332,0.024546279015585926,2.5776103250148332,0.0,2023-09
2023-09-04,2022-10-03,1.4792383956562392,20,20,1.4792383956562392,2.583596633631576,0.0023224257594904874,2.583596633631576,0.0,2023-09
2023-09-05,2022-10-03,1.4908277313880847,20,20,1.4908277313880847,2.6038382450383293,0.007834663949960685,2.6038382450383293,0.0,2023-09
2023-09-06,2022-10-03,1.4997935640740663,20,20,1.4997935640740663,2.619497719003599,0.006013996451242232,2.619497719003599,0.0,2023-09
2023-09-07,2022-10-03,1.4959292824388162,20,20,1.4959292824388162,2.612748472192839,-0.0025765423507706497,2.619497719003599,-0.002576542350770672,2023-09
2023-09-08,2022-10-03,1.4921559239818272,20,20,1.4921559239818272,2.6061580292760045,-0.002522417671266708,2.619497719003599,-0.00509246090608107,2023-09
2023-09-11,2022-10-03,1.4716205514863505,20,20,1.4716205514863505,2.5702915189112927,-0.013762216243915049,2.619497719003599,-0.018784593601792916,2023-09
2023-09-12,2022-10-03,1.4856561149940888,20,19,1.4856561149940888,2.5948056437042935,0.009537488106946101,2.619497719003599,-0.009426263332917783,2023-09
2023-09-13,2022-10-03,1.4740011635593977,20,20,1.4740011635593977,2.5744494297361933,-0.007844986007907728,2.619497719003599,-0.01719730043687191,2023-09
2023-09-14,2022-10-03,1.4942325423179272,20,20,1.4942325423179272,2.6097849930961976,0.01372548357402592,2.619497719003599,-0.0037078581275099397,2023-09
2023-09-15,2022-10-03,1.5058761360130912,20,20,1.5058761360130912,2.6301213699523798,0.007792357190335331,2.6301213699523798,0.0,2023-09
2023-09-19,2022-10-03,1.5294926699345166,20,20,1.5294926699345166,2.671369351154471,0.015682919303012355,2.671369351154471,0.0,2023-09
2023-09-20,2022-10-03,1.515002404830119,20,20,1.515002404830119,2.6460610572012557,-0.009473902941305345,2.671369351154471,-0.009473902941305396,2023-09
2023-09-21,2022-10-03,1.5184668948447761,20,20,1.5184668948447761,2.6521120390885584,0.002286788458956801,2.671369351154471,-0.007208779294256115,2023-09
2023-09-22,2022-10-03,1.5229973546491031,20,20,1.5229973546491031,2.6600248141582385,0.0029835749595252814,2.671369351154471,-0.00424671226812193,2023-09
2023-09-25,2022-10-03,1.530946933859009,20,20,1.530946933859009,2.673909328071487,0.005219693380056789,2.673909328071487,0.0,2023-09
2023-09-26,2022-10-03,1.5360450807507833,20,20,1.5360450807507833,2.682813609616656,0.0033300611399531554,2.682813609616656,0.0,2023-09
2023-09-27,2022-10-03,1.5677266533926217,20,19,1.5677266533926217,2.7381477631012916,0.020625418510733518,2.7381477631012916,0.0,2023-09
2023-09-28,2022-10-03,1.5303569793865492,20,20,1.5303569793865492,2.672878930000751,-0.023836855694966408,2.7381477631012916,-0.023836855694966446,2023-09
2023-09-29,2022-10-03,1.496785343493566,20,20,1.496785343493566,2.6142436446178716,-0.02193712731420383,2.7381477631012916,-0.04525107087101947,2023-09
2023-10-02,2023-10-02,1.0,20,20,1.0,2.6142436446178716,0.0,2.7381477631012916,-0.04525107087101947,2023-10
2023-10-03,2023-10-02,0.9754297985955168,20,20,0.9754297985955168,2.5500111517492203,-0.024570201404483183,2.7381477631012916,-0.06870944435043318,2023-10
2023-10-04,2023-10-02,0.9513092304072812,20,20,0.9513092304072812,2.4869541096585532,-0.02472814365827858,2.7381477631012916,-0.09173853099813373,2023-10
2023-10-05,2023-10-02,0.9686464610958675,20,20,0.9686464610958675,2.532277854801464,0.018224600513088385,2.7381477631012916,-0.07518582856414384,2023-10
2023-10-06,2023-10-02,0.9692028820787022,20,20,0.9692028820787022,2.5337324748195718,0.000574431441379808,2.7381477631012916,-0.07465458622663745,2023-10
2023-10-10,2023-10-02,0.9933321768937186,20,20,0.9933321768937186,2.5968123304388393,0.02489602049393924,2.7381477631012916,-0.0516171678413631,2023-10
2023-10-11,2023-10-02,0.9829147169158018,20,20,0.9829147169158018,2.569578551898509,-0.010487388026122035,2.7381477631012916,-0.06156322659952326,2023-10
2023-10-12,2023-10-02,0.9953681293572134,20,20,0.9953681293572134,2.6021348062272747,0.012669880943982692,2.7381477631012916,-0.04967334440708394,2023-10
2023-10-13,2023-10-02,0.9861654242455817,20,20,0.9861654242455817,2.578076692875899,-0.009245529206942327,2.7381477631012916,-0.05845961725750408,2023-10
2023-10-16,2023-10-02,0.9768628221434689,20,20,0.9768628221434689,2.5537574244520416,-0.009433105109347584,2.7381477631012916,-0.0673412666526094,2023-10
2023-10-17,2023-10-02,0.9834683006860281,20,20,0.9834683006860281,2.571025754751587,0.006761930531930194,2.7381477631012916,-0.061034693087716384,2023-10
2023-10-18,2023-10-02,0.9968070003797045,20,20,0.9968070003797045,2.605896365653247,0.013562917772104832,2.7381477631012916,-0.04829958383920586,2023-10
2023-10-19,2023-10-02,0.9951352977042542,20,20,0.9951352977042542,2.60152612755826,-0.001677057519473224,2.7381477631012916,-0.04989564017841407,2023-10
2023-10-20,2023-10-02,0.9836424843043216,20,20,0.9836424843043216,2.571481113168707,-0.011548995826443087,2.7381477631012916,-0.06086839146467894,2023-10
2023-10-23,2023-10-02,0.9834513846827148,20,20,0.9834513846827148,2.5709815321974325,-0.00019427751917611147,2.7381477631012916,-0.06105084362376507,2023-10
2023-10-24,2023-10-02,0.9800233234740494,20,20,0.9800233234740494,2.562019744969318,-0.003485745469534618,2.7381477631012916,-0.06432378139172691,2023-10
2023-10-25,2023-10-02,0.98159214872222,20,20,0.98159214872222,2.5661210364038642,0.0016008039916941552,2.7381477631012916,-0.06282594716604548,2023-10
2023-10-26,2023-10-02,0.9677431848505287,20,20,0.9677431848505287,2.529916470617753,-0.014108674248993425,2.7381477631012916,-0.07604823059208866,2023-10
2023-10-27,2023-10-02,0.9949227765130018,20,19,0.9949227765130018,2.600970545384682,0.028085541792444824,2.7381477631012916,-0.05009854455817948,2023-10
2023-10-30,2023-10-02,0.9901879776038763,20,20,0.9901879776038763,2.588592627427957,-0.0047589612187993735,2.7381477631012916,-0.05461908874630818,2023-10
2023-10-31,2023-10-02,0.9934934499763005,20,20,0.9934934499763005,2.597233937570027,0.0033382271318049828,2.7381477631012916,-0.05146319253847066,2023-10
2023-11-01,2023-10-02,1.0064916872402805,20,19,1.0064916872402805,2.6312144967286217,0.013083364831735889,2.7381477631012916,-0.03905313943012144,2023-11
2023-11-02,2023-10-02,1.0050661474276479,20,20,1.0050661474276479,2.627487788333297,-0.0014163453416503602,2.7381477631012916,-0.04041417203966314,2023-11
2023-11-06,2023-10-02,1.016340624581109,20,20,1.016340624581109,2.6569620185781226,0.011217646900472111,2.7381477631012916,-0.029649877050906867,2023-11
2023-11-07,2023-10-02,1.0071583755592737,20,20,1.0071583755592737,2.632957382429491,-0.009034617725351524,2.7381477631012916,-0.038416619471499776,2023-11
2023-11-08,2023-10-02,0.9863315858478622,20,20,0.9863315858478622,2.5785110797886404,-0.020678763357199426,2.7381477631012916,-0.05830097464566445,2023-11
2023-11-09,2023-10-02,1.0016252070660212,20,19,1.0016252070660212,2.6184923318614057,0.015505557601110942,2.7381477631012916,-0.04369940616512283,2023-11
2023-11-10,2023-10-02,1.0217299809918625,20,20,1.0217299809918625,2.6710511093235154,0.020072152521732667,2.7381477631012916,-0.02450439478904561,2023-11
2023-11-13,2023-10-02,1.0184307276099072,20,20,1.0184307276099072,2.6624260571377545,-0.003229085417218114,2.7381477631012916,-0.027654353422392697,2023-11
2023-11-14,2023-10-02,1.0129597430652808,20,20,1.0129597430652808,2.6481235705621624,-0.005371975134200735,2.7381477631012916,-0.03287777005765592,2023-11
2023-11-15,2023-10-02,1.0335082019512252,20,20,1.0335082019512252,2.701842248611434,0.020285563198951362,2.7381477631012916,-0.013259150941049624,2023-11
2023-11-16,2023-10-02,1.0240758821643994,20,20,1.0240758821643994,2.6771838665547216,-0.009126506948873625,2.7381477631012916,-0.022264648156723583,2023-11
2023-11-17,2023-10-02,1.0415813770631719,20,20,1.0415813770631719,2.722947495339728,0.01709394313805568,2.7381477631012916,-0.005551295648247815,2023-11
2023-11-20,2023-10-02,1.0383802088772784,20,20,1.0383802088772784,2.7145788617544033,-0.0030733731001597597,2.7381477631012916,-0.008607607545691242,2023-11
2023-11-21,2023-10-02,1.0459544215624434,20,20,1.0459544215624434,2.7343796991295797,0.007294257556540229,2.7381477631012916,-0.0013761360955349326,2023-11
2023-11-22,2023-10-02,1.0499824636487602,20,20,1.0499824636487602,2.744909982553987,0.0038510684627153235,2.744909982553987,0.0,2023-11
2023-11-24,2023-10-02,1.0549800388222381,20,20,1.0549800388222381,2.7579748616897515,0.004759674896008148,2.7579748616897515,0.0,2023-11
2023-11-27,2023-10-02,1.0511816515383428,20,20,1.0511816515383428,2.7480449518730308,-0.003600435215945663,2.7579748616897515,-0.003600435215945683,2023-11
2023-11-28,2023-10-02,1.056277166687004,20,20,1.056277166687004,2.7613658699664727,0.0048474163729972375,2.7613658699664727,0.0,2023-11
2023-11-29,2023-10-02,1.0528445961389683,20,20,1.0528445961389683,2.7523922942265675,-0.003249687351286834,2.7613658699664727,-0.0032496873512868315,2023-11
2023-11-30,2023-10-02,1.0596351066923193,20,20,1.0596351066923193,2.770144343284376,0.006449679827634114,2.770144343284376,0.0,2023-11
2023-12-01,2023-10-02,1.0600084966070429,20,20,1.0600084966070429,2.7711204754959065,0.0003523759380614777,2.7711204754959065,0.0,2023-12
2023-12-04,2023-10-02,1.0596406522306023,20,20,1.0596406522306023,2.7701588406725883,-0.0003470202150435142,2.7711204754959065,-0.00034702021504353226,2023-12
2023-12-05,2023-10-02,1.0531193956534337,20,20,1.0531193956534337,2.753110687110803,-0.00615421517043635,2.7711204754959065,-0.006499099748407958,2023-12
2023-12-06,2023-10-02,1.0751457881294972,20,20,1.0751457881294972,2.8106930436552107,0.02091538012401406,2.8106930436552107,0.0,2023-12
2023-12-07,2023-10-02,1.0605891244043932,20,20,1.0605891244043932,2.772638378025018,-0.013539246384836057,2.8106930436552107,-0.013539246384836017,2023-12
2023-12-08,2023-10-02,1.0440173687625955,20,20,1.0440173687625955,2.729315771158288,-0.015625047683855975,2.8106930436552107,-0.028952742698325477,2023-12
2023-12-11,2023-10-02,1.0563032947743296,20,20,1.0563032947743296,2.7614341751527096,0.011767932583627294,2.8106930436552107,-0.017525524038883154,2023-12
2023-12-12,2023-10-02,1.0545009463852493,20,20,1.0545009463852493,2.7567223973311688,-0.0017062792457401832,2.8106930436552107,-0.019201899846685116,2023-12
2023-12-13,2023-10-02,1.0542794640569955,20,20,1.0542794640569955,2.756143388562136,-0.00021003521050699803,2.8106930436552107,-0.01940790198211565,2023-12
2023-12-14,2023-10-02,1.046560873802991,20,20,1.046560873802991,2.7359651130451956,-0.007321199470491702,2.8106930436552107,-0.026587012330892563,2023-12
2023-12-15,2023-10-02,1.051929624953693,20,20,1.051929624953693,2.750000336620453,0.005129898589838255,2.8106930436552107,-0.021593502418118565,2023-12
2023-12-18,2023-10-02,1.0561593599456884,20,20,1.0561593599456884,2.761057894441695,0.004020929624623637,2.8106930436552107,-0.017659398747067314,2023-12
2023-12-19,2023-10-02,1.0720809814357897,20,20,1.0720809814357897,2.8026808922342035,0.015075018121242678,2.8106930436552107,-0.0028505963819470182,2023-12
2023-12-20,2023-10-02,1.0834339278389291,20,19,1.0834339278389291,2.8323602602162983,0.0105896351112722,2.8323602602162983,0.0,2023-12
2023-12-21,2023-10-02,1.0791912388197,20,20,1.0791912388197,2.8212688374116883,-0.003915964702796315,2.8323602602162983,-0.003915964702796294,2023-12
2023-12-22,2023-10-02,1.0956971880151907,20,20,1.0956971880151907,2.8644194101943854,0.015294739803061397,2.8644194101943854,0.0,2023-12
2023-12-25,2023-10-02,1.0819721497085923,20,20,1.0819721497085923,2.8285388160292237,-0.012526306042147217,2.8644194101943854,-0.0125263060421472,2023-12
2023-12-26,2023-10-02,1.0838014282007356,20,20,1.0838014282007356,2.8333209957015453,0.0016906890742389713,2.8644194101943854,-0.010856795056674232,2023-12
2023-12-27,2023-10-02,1.0966145202053992,20,20,1.0966145202053992,2.8668175400426414,0.011822361247424418,2.8668175400426414,0.0,2023-12
2023-12-28,2023-10-02,1.0932093241437288,20,20,1.0932093241437288,2.857915527879742,-0.003105189653181517,2.8668175400426414,-0.003105189653181462,2023-12
2023-12-29,2023-10-02,1.093870411567532,20,20,1.093870411567532,2.859643771475956,0.0006047217209028677,2.8668175400426414,-0.0025023457079094667,2023-12
2024-01-04,2023-10-02,1.1115754763441055,20,20,1.1115754763441055,2.905929124545661,0.01618570590203805,2.905929124545661,0.0,2024-01
2024-01-05,2023-10-02,1.1124308608254785,20,20,1.1124308608254785,2.9081653079897953,0.0007695244268850487,2.9081653079897953,0.0,2024-01
2024-01-09,2023-10-02,1.1135715612773271,20,20,1.1135715612773271,2.9111473768964533,0.0010254124476574145,2.9111473768964533,0.0,2024-01
2024-01-10,2023-10-02,1.1184028271589999,20,20,1.1184028271589999,2.923777483023075,0.004338532025845554,2.923777483023075,0.0,2024-01
2024-01-11,2023-10-02,1.12270907044041,20,20,1.12270907044041,2.93503505215368,0.0038503508546638976,2.93503505215368,0.0,2024-01
2024-01-12,2023-10-02,1.1207950723004059,20,20,1.1207950723004059,2.930031394680364,-0.001704803310490055,2.93503505215368,-0.0017048033104901088,2024-01
2024-01-15,2023-10-02,1.142524745364471,20,20,1.142524745364471,2.98683805438772,0.019387730728923858,2.98683805438772,0.0,2024-01
2024-01-16,2023-10-02,1.1343725159442526,20,20,1.1343725159442526,2.9655261404364475,-0.007135276022067982,2.98683805438772,-0.0071352760220679354,2024-01
2024-01-17,2023-10-02,1.1259487936974586,20,20,1.1259487936974586,2.94350447808874,-0.007425887112384899,2.98683805438772,-0.014508177380197208,2024-01
2024-01-18,2023-10-02,1.1381455708915662,20,20,1.1381455708915662,2.9753898253532562,0.01083244394627858,2.98683805438772,-0.0038328924521523035,2024-01
2024-01-19,2023-10-02,1.1478666540627123,20,20,1.1478666540627123,3.0008031052522264,0.008541159777594176,3.0008031052522264,0.0,2024-01
2024-01-22,2023-10-02,1.1587244356830602,20,20,1.1587244356830602,3.02918799184787,0.009459096648481324,3.02918799184787,0.0,2024-01
2024-01-23,2023-10-02,1.1574886311370396,20,20,1.1574886311370396,3.025957297667446,-0.0010665215196674627,3.02918799184787,-0.0010665215196674887,2024-01
2024-01-24,2023-10-02,1.1534933905287152,20,20,1.1534933905287152,3.0155127652984146,-0.003451645658411051,3.02918799184787,-0.0045144859237056184,2024-01
2024-01-25,2023-10-02,1.1660123610280817,20,20,1.1660123610280817,3.048240404363542,0.01085309252931932,3.048240404363542,0.0,2024-01
2024-01-26,2023-10-02,1.1497513147628133,20,20,1.1497513147628133,3.005730067509727,-0.013945860960625556,3.048240404363542,-0.013945860960625599,2024-01
2024-01-29,2023-10-02,1.1664401182482158,20,20,1.1664401182482158,3.0493586659577168,0.014515141901660034,3.0493586659577168,0.0,2024-01
2024-01-30,2023-10-02,1.1665435423167239,20,20,1.1665435423167239,3.0496290416715146,8.866641921012608e-05,3.0496290416715146,0.0,2024-01
2024-01-31,2023-10-02,1.1658155613041021,20,20,1.1658155613041021,3.0477259219358657,-0.0006240495842753102,3.0496290416715146,-0.0006240495842752833,2024-01
2024-02-01,2023-10-02,1.1536685063502556,20,20,1.1536685063502556,3.0159705607219487,-0.01041936251070319,3.0496290416715146,-0.011036909896135289,2024-02
2024-02-02,2023-10-02,1.1587672524186834,20,20,1.1587672524186834,3.029299925226856,0.004419593705091263,3.0496290416715146,-0.006666094848544644,2024-02
2024-02-05,2023-10-02,1.16581697557132,20,20,1.16581697557132,3.0477296191749517,0.00608381289505866,3.0496290416715146,-0.0006228372272851455,2024-02
2024-02-06,2023-10-02,1.159022676854961,20,20,1.159022676854961,3.029967666936075,-0.005827929133584098,3.0496290416715146,-0.006447136509646838,2024-02
2024-02-07,2023-10-02,1.1699568053239133,20,20,1.1699568053239133,3.058552142795469,0.009433921084807784,3.058552142795469,0.0,2024-02
2024-02-08,2023-10-02,1.1617732304166355,20,20,1.1617732304166355,3.0371582841038633,-0.006994766704239375,3.058552142795469,-0.006994766704239327,2024-02
2024-02-09,2023-10-02,1.1754546555035263,20,20,1.1754546555035263,3.0729248626865835,0.01177633012079693,3.0729248626865835,0.0,2024-02
2024-02-13,2023-10-02,1.202628868384393,20,20,1.202628868384393,3.143964876007882,0.023118044370011193,3.143964876007882,0.0,2024-02
2024-02-14,2023-10-02,1.189010990921281,20,20,1.189010990921281,3.1083644263967565,-0.011323424724874798,3.143964876007882,-0.011323424724874848,2024-02
2024-02-15,2023-10-02,1.1823334352240353,20,20,1.1823334352240353,3.0909076688536503,-0.005616058849104211,3.143964876007882,-0.016875890554350736,2024-02
2024-02-16,2023-10-02,1.2005977469332438,20,20,1.2005977469332438,3.1386550296627687,0.015447682663010998,3.143964876007882,-0.0016889012932790296,2024-02
2024-02-19,2023-10-02,1.2125885856005962,20,20,1.2125885856005962,3.1700020034425327,0.009987390612702152,3.1700020034425327,0.0,2024-02
2024-02-20,2023-10-02,1.2124118383479716,20,20,1.2124118383479716,3.1695399430606552,-0.00014576028071133784,3.1700020034425327,-0.0001457602807113926,2024-02
2024-02-21,2023-10-02,1.2079101608803235,20,20,1.2079101608803235,3.1577714613507366,-0.003712993658806618,3.1700020034425327,-0.003858212732520061,2024-02
2024-02-22,2023-10-02,1.2182806390484378,20,20,1.2182806390484378,3.1848824179933777,0.008585471423268931,3.1848824179933777,0.0,2024-02
2024-02-26,2023-10-02,1.2152870745411533,20,20,1.2152870745411533,3.1770565110054556,-0.00245720436764274,3.1848824179933777,-0.0024572043676427944,2024-02
2024-02-27,2023-10-02,1.2283486959579988,20,20,1.2283486959579988,3.2112027717828484,0.010747766260722491,3.2112027717828484,0.0,2024-02
2024-02-28,2023-10-02,1.2368378779365048,20,19,1.2368378779365048,3.2333955618181625,0.00691105221704591,3.2333955618181625,0.0,2024-02
2024-02-29,2023-10-02,1.2355922809327653,20,20,1.2355922809327653,3.2301392677673815,-0.001007081870598614,3.2333955618181625,-0.0010070818705985806,2024-02
2024-03-01,2023-10-02,1.2526846345366436,20,20,1.2526846345366436,3.2748228445478818,0.013833328248842092,3.2748228445478818,0.0,2024-03
2024-03-04,2023-10-02,1.2463958212540645,20,20,1.2463958212540645,3.2583823543917108,-0.0050202685569822325,3.2748228445478818,-0.0050202685569822785,2024-03
2024-03-05,2023-10-02,1.2532674188520645,20,20,1.2532674188520645,3.2763463847406538,0.005513174451344138,3.2763463847406538,0.0,2024-03
2024-03-06,2023-10-02,1.2622592238684625,20,20,1.2622592238684625,3.299853153858415,0.007174689839646531,3.299853153858415,0.0,2024-03
2024-03-07,2023-10-02,1.2545142180241784,20,20,1.2545142180241784,3.2796058215524675,-0.006135828281410904,3.299853153858415,-0.006135828281410941,2024-03
2024-03-08,2023-10-02,1.2592891345072545,20,20,1.2592891345072545,3.29208861662193,0.0038061876178625553,3.299853153858415,-0.002352994777178532,2024-03
2024-03-11,2023-10-02,1.2264101517600765,20,20,1.2264101517600765,3.2061349449336194,-0.026109160991088176,3.299853153858415,-0.02840072104881815,2024-03
2024-03-12,2023-10-02,1.231299896235542,20,20,1.231299896235542,3.2189179283524103,0.0039870384866333985,3.299853153858415,-0.024526917330054434,2024-03
2024-03-13,2023-10-02,1.2221205188802686,20,20,1.2221205188802686,3.1949207994398376,-0.007455029748104081,3.299853153858415,-0.03179909817983363,2024-03
2024-03-14,2023-10-02,1.2375748577120789,20,19,1.2375748577120789,3.2353222065126688,0.012645511300284795,3.299853153858415,-0.019555702734920872,2024-03
2024-03-15,2023-10-02,1.2325876353012482,20,20,1.2325876353012482,3.222284392020859,-0.004029834946752686,3.299853153858415,-0.023506731427384058,2024-03
2024-03-18,2023-10-02,1.2481606351845371,20,20,1.2481606351845371,3.262996007993382,0.012634395670765297,3.299853153858415,-0.011169329102398678,2024-03
2024-03-19,2023-10-02,1.2560152585310798,20,20,1.2560152585310798,3.283529907157948,0.0062929587147100285,3.299853153858415,-0.004946658514601103,2024-03
2024-03-21,2023-10-02,1.2710540122330747,20,20,1.2710540122330747,3.322844873446362,0.01197338455870578,3.322844873446362,0.0,2024-03
2024-03-22,2023-10-02,1.2681041144019307,20,20,1.2681041144019307,3.315133121789022,-0.0023208280708396645,3.322844873446362,-0.0023208280708396523,2024-03
2024-03-25,2023-10-02,1.2654621964298995,20,20,1.2654621964298995,3.3082265045210377,-0.002083360460727768,3.322844873446362,-0.004399353410128449,2024-03
2024-03-26,2023-10-02,1.2654587233511005,20,20,1.2654587233511005,3.30821742504686,-2.7445140667881063e-06,3.322844873446362,-0.004402085850107935,2024-03
2024-03-27,2023-10-02,1.2781888930489664,20,20,1.2781888930489664,3.341497190274413,0.010059727324929879,3.341497190274413,0.0,2024-03
2024-03-28,2023-10-02,1.2589995678209958,20,20,1.2589995678209958,3.291331618752685,-0.015012902500034175,3.341497190274413,-0.015012902500034191,2024-03
2024-03-29,2023-10-02,1.2723462265323384,20,20,1.2723462265323384,3.3262230364656964,0.010601003409748788,3.341497190274413,-0.004571050920878466,2024-03
2024-04-01,2023-10-02,1.2586337978562971,20,20,1.2586337978562971,3.2903754069470796,-0.010777277748850844,3.341497190274413,-0.015299065184350836,2024-04
2024-04-02,2023-10-02,1.2572410448929534,20,20,1.2572410448929534,3.2867344113641357,-0.0011065593230659143,3.341497190274413,-0.016388695184202773,2024-04
2024-04-03,2023-10-02,1.2719590294268688,20,20,1.2719590294268688,3.325210808893508,0.011706573368489126,3.341497190274413,-0.004873977278301293,2024-04
2024-04-04,2023-10-02,1.276138890772473,20,20,1.276138890772473,3.3361379848516375,0.0032861603627969416,3.341497190274413,-0.001603833586445559,2024-04
2024-04-05,2023-10-02,1.2677197164684695,20,20,1.2677197164684695,3.3141282119344666,-0.006597380868870073,3.341497190274413,-0.008190633354295544,2024-04
2024-04-08,2023-10-02,1.2793587184581308,20,20,1.2793587184581308,3.344555398915633,0.009181053065960398,3.344555398915633,0.0,2024-04
2024-04-09,2023-10-02,1.292275347370933,20,20,1.292275347370933,3.378322613960814,0.010096174533729796,3.378322613960814,0.0,2024-04
2024-04-10,2023-10-02,1.2944441345457247,20,20,1.2944441345457247,3.383992352049042,0.0016782701760922336,3.383992352049042,0.0,2024-04
2024-04-11,2023-10-02,1.310447521829984,20,19,1.310447521829984,3.4258291055492753,0.01236313476740003,3.4258291055492753,0.0,2024-04
2024-04-12,2023-10-02,1.3300442862354633,20,20,1.3300442862354633,3.4770598223513733,0.014954253473739465,3.4770598223513733,0.0,2024-04
2024-04-15,2023-10-02,1.3497588636746372,20,20,1.3497588636746372,3.5285985311280603,0.014822496997429768,3.5285985311280603,0.0,2024-04
2024-04-16,2023-10-02,1.3130241200084662,20,20,1.3130241200084662,3.4325649609621065,-0.02721578250367085,3.5285985311280603,-0.027215782503670877,2024-04
2024-04-17,2023-10-02,1.2976692500194895,20,20,1.2976692500194895,3.3924235896794905,-0.011694278692212956,3.5285985311280603,-0.03859179225045926,2024-04
2024-04-18,2023-10-02,1.3095222854482211,20,19,1.3095222854482211,3.4234103122184822,0.009134095940512843,3.5285985311280603,-0.02981019744287837,2024-04
2024-04-19,2023-10-02,1.278732918902998,20,20,1.278732918902998,3.3429194064058225,-0.023511907271348664,3.5285985311280603,-0.05262121011620948,2024-04
2024-04-22,2023-10-02,1.2903455752062924,20,20,1.2903455752062924,3.373277719343842,0.0090813774570353,3.5285985311280603,-0.04401770573048546,2024-04
2024-04-23,2023-10-02,1.2953861732663996,20,20,1.2953861732663996,3.3864550707875503,0.003906393881577985,3.5285985311280603,-0.04028326234525414,2024-04
2024-04-24,2023-10-02,1.3168359030992687,20,20,1.3168359030992687,3.4425298906818984,0.01655856012325807,3.5285985311280603,-0.024391735043500843,2024-04
2024-04-25,2023-10-02,1.2927102698386774,20,20,1.2927102698386774,3.3794596072580165,-0.018320910907585142,3.5285985311280603,-0.04226576714647259,2024-04
2024-04-26,2023-10-02,1.3056108308878662,20,20,1.3056108308878662,3.413184816992863,0.009979468215100207,3.5285985311280603,-0.03270808881119743,2024-04
2024-04-30,2023-10-02,1.345383265529926,20,20,1.345383265529926,3.5171596514868475,0.030462702745053916,3.5285985311280603,-0.0032417628529579174,2024-04
2024-05-01,2023-10-02,1.344474528759425,20,20,1.344474528759425,3.514783992159935,-0.0006754482486764912,3.5285985311280603,-0.003915021458592756,2024-05
2024-05-02,2023-10-02,1.353135524199903,20,20,1.353135524199903,3.5374259444462686,0.006441918575035732,3.5374259444462686,0.0,2024-05
2024-05-07,2023-10-02,1.3611492477922256,20,20,1.3611492477922256,3.5583757704172223,0.005922336269355677,3.5583757704172223,0.0,2024-05
2024-05-08,2023-10-02,1.3620120584500066,20,20,1.3620120584500066,3.560631367695835,0.0006338839470987345,3.560631367695835,0.0,2024-05
2024-05-09,2023-10-02,1.3693489544335078,20,20,1.3693489544335078,3.579811801391925,0.005386806921409137,3.579811801391925,0.0,2024-05
2024-05-10,2023-10-02,1.381213157424465,20,20,1.381213157424465,3.6108277186594915,0.008664119509161461,3.6108277186594915,0.0,2024-05
2024-05-13,2023-10-02,1.3966500946304197,20,20,1.3966500946304197,3.6511836336425234,0.011176361246615807,3.6511836336425234,0.0,2024-05
2024-05-14,2023-10-02,1.4019711626466567,20,20,1.4019711626466567,3.6650942018865504,0.0038098791076550675,3.6650942018865504,0.0,2024-05
2024-05-15,2023-10-02,1.402071187805392,20,20,1.402071187805392,3.6653556920220765,7.134608856484981e-05,3.6653556920220765,0.0,2024-05
2024-05-16,2023-10-02,1.3975193060374733,20,20,1.3975193060374733,3.6534559640392428,-0.003246541122525759,3.6653556920220765,-0.0032465411225257976,2024-05
2024-05-17,2023-10-02,1.4098740833669954,20,20,1.4098740833669954,3.685754362153615,0.008840505656092068,3.685754362153615,0.0,2024-05
2024-05-20,2023-10-02,1.4125330199193418,20,20,1.4125330199193418,3.6927054701370285,0.001885939023715144,3.6927054701370285,0.0,2024-05
2024-05-21,2023-10-02,1.4125903964071758,20,20,1.4125903964071758,3.692855466255699,4.0619572799327486e-05,3.692855466255699,0.0,2024-05
2024-05-22,2023-10-02,1.3928804419746885,20,20,1.3928804419746885,3.6413288431448616,-0.013953057080536624,3.692855466255699,-0.01395305708053665,2024-05
2024-05-23,2023-10-02,1.3878045327347102,20,20,1.3878045327347102,3.628059179673591,-0.003644181572958427,3.692855466255699,-0.017546391179995756,2024-05
2024-05-24,2023-10-02,1.373396516848794,20,20,1.373396516848794,3.5903931157122813,-0.01038187694741477,3.692855466255699,-0.027746103653308603,2024-05
2024-05-27,2023-10-02,1.3905532664372722,20,20,1.3905532664372722,3.6352450392862607,0.012492204092554138,3.692855466255699,-0.01560050955036467,2024-05
2024-05-28,2023-10-02,1.3919965613655174,20,20,1.3919965613655174,3.639018163879735,0.0010379285447605913,3.692855466255699,-0.014578773219779238,2024-05
2024-05-29,2023-10-02,1.3777892439081951,20,20,1.3777892439081951,3.601876774509862,-0.010206431432118745,3.692855466255699,-0.024636407402665938,2024-05
2024-05-30,2023-10-02,1.3747238562951036,20,20,1.3747238562951036,3.593863104424047,-0.0022248595905687285,3.692855466255699,-0.026806454445947647,2024-05
2024-05-31,2023-10-02,1.406245489975538,20,20,1.406245489975538,3.6762683349410956,0.02292942945311638,3.692855466255699,-0.004491681698937909,2024-05
2024-06-03,2023-10-02,1.4141534591775495,20,20,1.4141534591775495,3.6969416931692876,0.005623462801042534,3.6969416931692876,0.0,2024-06
2024-06-04,2023-10-02,1.4076810374307567,20,20,1.4076810374307567,3.680021205752448,-0.00457688782273824,3.6969416931692876,-0.004576887822738186,2024-06
2024-06-05,2023-10-02,1.388381993954634,20,19,1.388381993954634,3.62956880399779,-0.013709812779283181,3.6969416931692876,-0.018223952326859822,2024-06
2024-06-06,2023-10-02,1.3997744227435198,20,20,1.3997744227435198,3.659351388555897,0.008205543458854603,3.6969416931692876,-0.010167946300815365,2024-06
2024-06-07,2023-10-02,1.399332993723301,20,20,1.399332993723301,3.6581973855452397,-0.000315357255459614,3.6969416931692876,-0.01048009702063585,2024-06
2024-06-10,2023-10-02,1.4165575059696238,20,20,1.4165575059696238,3.703226457216832,0.012309087489241755,3.703226457216832,0.0,2024-06
2024-06-11,2023-10-02,1.415344889868647,20,20,1.415344889868647,3.7000563832814914,-0.0008560302676501319,3.703226457216832,-0.000856030267650142,2024-06
2024-06-12,2023-10-02,1.4154755385780136,20,20,1.4154755385780136,3.700397930839631,9.230874418086898e-05,3.703226457216832,-0.00076380054254818,2024-06
2024-06-13,2023-10-02,1.3992431604260942,20,20,1.3992431604260942,3.657962539418942,-0.01146779136022813,3.703226457216832,-0.012222832797513593,2024-06
2024-06-14,2023-10-02,1.4259929987450883,20,20,1.4259929987450883,3.727893134238928,0.019117362210902877,3.727893134238928,0.0,2024-06
2024-06-17,2023-10-02,1.4085795184311531,20,20,1.4085795184311531,3.6823700539975444,-0.012211476724822257,3.727893134238928,-0.012211476724822298,2024-06
2024-06-18,2023-10-02,1.4186967717180814,20,20,1.4186967717180814,3.7088190191038857,0.00718259292751644,3.727893134238928,-0.00511659386366404,2024-06
2024-06-19,2023-10-02,1.4340745409061586,20,20,1.4340745409061586,3.749020254472217,0.010839362924223828,3.749020254472217,0.0,2024-06
2024-06-20,2023-10-02,1.4477053840306702,20,20,1.4477053840306702,3.7846545994812546,0.009504975324294174,3.7846545994812546,0.0,2024-06
2024-06-21,2023-10-02,1.4381855661652605,20,19,1.4381855661652605,3.7597674761286877,-0.006575797790365878,3.7846545994812546,-0.006575797790365889,2024-06
2024-06-24,2023-10-02,1.430474626971285,20,20,1.430474626971285,3.739609202346802,-0.005361574594672014,3.7846545994812546,-0.011902115754665328,2024-06
2024-06-25,2023-10-02,1.4469100666172763,20,20,1.4469100666172763,3.7825754459878356,0.011489500992261314,3.7846545994812546,-0.0005493641331771751,2024-06
2024-06-26,2023-10-02,1.4563640862718683,20,20,1.4563640862718683,3.8072905567859454,0.006533937300398085,3.8072905567859454,0.0,2024-06
2024-06-27,2023-10-02,1.4537300453870794,20,20,1.4537300453870794,3.8004045321432223,-0.0018086417466746108,3.8072905567859454,-0.0018086417466746264,2024-06
2024-06-28,2023-10-02,1.4642821564713886,20,20,1.4642821564713886,3.8279903214826794,0.007258645522112417,3.8279903214826794,0.0,2024-06
2024-07-01,2023-10-02,1.4694283163480728,20,20,1.4694283163480728,3.8414436372344887,0.0035144591866675956,3.8414436372344887,0.0,2024-07
2024-07-02,2023-10-02,1.4857006894652984,20,20,1.4857006894652984,3.8839835852390463,0.011073948239725517,3.8839835852390463,0.0,2024-07
2024-07-03,2023-10-02,1.478314937368674,20,20,1.478314937368674,3.8646754297597226,-0.0049712247890809635,3.8839835852390463,-0.004971224789080922,2024-07
2024-07-04,2023-10-02,1.4869399958896277,20,20,1.4869399958896277,3.8872234341825833,0.0058343850169748634,3.8872234341825833,0.0,2024-07
2024-07-05,2023-10-02,1.4702308855345732,20,20,1.4702308855345732,3.8435417486296632,-0.011237245888363945,3.8872234341825833,-0.011237245888363908,2024-07
2024-07-08,2023-10-02,1.4863934702472799,20,20,1.4863934702472799,3.8857946829954546,0.010993228935487931,3.8872234341825833,-0.000367550569531167,2024-07
2024-07-09,2023-10-02,1.4895539212812547,20,20,1.4895539212812547,3.89405687202515,0.0021262546541254146,3.89405687202515,0.0,2024-07
2024-07-10,2023-10-02,1.4885359182842468,20,20,1.4885359182842468,3.8913955641600197,-0.0006834280937828563,3.89405687202515,-0.0006834280937828307,2024-07
2024-07-11,2023-10-02,1.5012312663533982,20,20,1.5012312663533982,3.9245842971660103,0.008528748223814775,3.9245842971660103,0.0,2024-07
2024-07-12,2023-10-02,1.4751084766973115,20,20,1.4751084766973115,3.856292960327896,-0.017400909667662945,3.9245842971660103,-0.017400909667662934,2024-07
2024-07-16,2023-10-02,1.4817292858241338,20,20,1.4817292858241338,3.8736013685099193,0.0044883540644047315,3.9245842971660103,-0.01299065704688937,2024-07
2024-07-17,2023-10-02,1.4729550037715227,20,20,1.4729550037715227,3.8506632574177964,-0.005921649883386615,3.9245842971660103,-0.018835380807489147,2024-07
2024-07-18,2023-10-02,1.4540229678164613,20,20,1.4540229678164613,3.8011703027426003,-0.012853098639527771,3.9245842971660103,-0.03144638643958515,2024-07
2024-07-19,2023-10-02,1.4422185503935303,20,20,1.4422185503935303,3.770310679516286,-0.008118453204805975,3.9245842971660103,-0.039309543627621145,2024-07
2024-07-22,2023-10-02,1.4155970814146173,20,20,1.4155970814146173,3.700715673427771,-0.018458692665996423,3.9245842971660103,-0.057042633508954686,2024-07
2024-07-23,2023-10-02,1.4251359758907596,20,20,1.4251359758907596,3.7256526676887067,0.006738424797125164,3.9245842971660103,-0.05068858620795953,2024-07
2024-07-24,2023-10-02,1.4118403267173392,20,20,1.4118403267173392,3.6908946013360233,-0.009329389895662565,3.9245842971660103,-0.059545082519628166,2024-07
2024-07-25,2023-10-02,1.3801989429395682,20,20,1.3801989429395682,3.6081763148880706,-0.02241144637888348,3.9245842971660103,-0.0806220374744968,2024-07
2024-07-26,2023-10-02,1.382808464799197,20,20,1.382808464799197,3.6149982408250962,0.0018906853051712247,3.9245842971660103,-0.07888378307085157,2024-07
2024-07-29,2023-10-02,1.4136556013967412,20,20,1.4136556013967412,3.695640171629886,0.022307598906710302,3.9245842971660103,-0.058335891957129765,2024-07
2024-07-30,2023-10-02,1.404394195339679,20,20,1.404394195339679,3.671428599704986,-0.006551387797644304,3.9245842971660103,-0.06450509870404142,2024-07
2024-07-31,2023-10-02,1.4373418353978793,20,20,1.4373418353978793,3.757561758332293,0.02346039321974791,3.9245842971660103,-0.04255802046456905,2024-07
2024-08-01,2023-10-02,1.3794528809216473,20,20,1.3794528809216473,3.60622592699923,-0.040275008387414934,3.9245842971660103,-0.08111900422082173,2024-08
2024-08-02,2023-10-02,1.2955862692109945,20,20,1.2955862692109945,3.386978170339021,-0.060797010808096186,3.9245842971660103,-0.1369842220525626,2024-08
2024-08-05,2023-10-02,1.107991866833189,20,20,1.107991866833189,2.896560696156955,-0.14479499114485805,3.9245842971660103,-0.26194458397833453,2024-08
2024-08-06,2023-10-02,1.224578478550779,20,20,1.224578478550779,3.2013465048871965,0.10522334613413054,3.9245842971660103,-0.18428392347211717,2024-08
2024-08-07,2023-10-02,1.241065716214331,20,20,1.241065716214331,3.2444481611664417,0.013463602335281655,3.9245842971660103,-0.17330144659924954,2024-08
2024-08-08,2023-10-02,1.2489010081042144,20,20,1.2489010081042144,3.2649315231932956,0.006313357775915129,3.9245842971660103,-0.16808220285879907,2024-08
2024-08-09,2023-10-02,1.2652384506357086,20,20,1.2652384506357086,3.3076415785005637,0.013081455155756316,3.9245842971660103,-0.1571995075022209,2024-08
2024-08-13,2023-10-02,1.2957924880099374,20,20,1.2957924880099374,3.3875172765235586,0.024148837208414875,3.9245842971660103,-0.13684685560972007,2024-08
2024-08-14,2023-10-02,1.3073511555651338,20,20,1.3073511555651338,3.4177344497199815,0.008920153236069428,3.9245842971660103,-0.12914739729556354,2024-08
2024-08-15,2023-10-02,1.323437631453448,20,20,1.323437631453448,3.4597884170753055,0.01230463278350058,3.9245842971660103,-0.1184318758107297,2024-08
2024-08-16,2023-10-02,1.3651557163814136,20,20,1.3651557163814136,3.5688496554638682,0.03152251676729878,3.9245842971660103,-0.09064262983445721,2024-08
2024-08-19,2023-10-02,1.3500455953886608,20,20,1.3500455953886608,3.529348117689157,-0.011068423046130538,3.9245842971660103,-0.1007077819075662,2024-08
2024-08-20,2023-10-02,1.3675005353886722,20,20,1.3675005353886722,3.5749795836513734,0.012929148511451993,3.9245842971660103,-0.08908069926465606,2024-08
2024-08-21,2023-10-02,1.3645262892673924,20,20,1.3645262892673924,3.567204179631288,-0.0021749506082896497,3.9245842971660103,-0.09106190375189314,2024-08
2024-08-22,2023-10-02,1.3754590128123816,20,20,1.3754590128123816,3.59578498267714,0.00801210180483869,3.9245842971660103,-0.08377939919045696,2024-08
2024-08-23,2023-10-02,1.3799630413615462,20,20,1.3799630413615462,3.6075596106869714,0.003274563987156087,3.9245842971660103,-0.08077917620675552,2024-08
2024-08-26,2023-10-02,1.370728190945059,20,20,1.370728190945059,3.583417461676673,-0.006692099816945518,3.9245842971660103,-0.08693069371339478,2024-08
2024-08-27,2023-10-02,1.3837197828106658,20,20,1.3837197828106658,3.6173806481448048,0.009477876030731913,3.9245842971660103,-0.07827673602094393,2024-08
2024-08-28,2023-10-02,1.3792141589983167,20,20,1.3792141589983167,3.605601849728332,-0.0032561678081938217,3.9245842971660103,-0.08127802164117591,2024-08
2024-08-29,2023-10-02,1.3935457897694288,20,20,1.3935457897694288,3.643068224388722,0.010391156933540202,3.9245842971660103,-0.07173143738575692,2024-08
2024-08-30,2023-10-02,1.4064735398392936,20,20,1.4064735398392936,3.676864512848074,0.009276874979474936,3.9245842971660103,-0.06312000598300764,2024-08
2024-09-02,2023-10-02,1.414250442220839,20,20,1.414250442220839,3.697195230473843,0.0055293627368446785,3.9245842971660103,-0.057939656655194745,2024-09
2024-09-03,2023-10-02,1.4249758460747621,20,20,1.4249758460747621,3.7252340493349214,0.007583808025600325,3.9245842971660103,-0.05079525186273668,2024-09
2024-09-04,2023-10-02,1.3603981133405798,20,20,1.3603981133405798,3.556412121950754,-0.045318475335612285,3.9245842971660103,-0.09381176382964128,2024-09
2024-09-05,2023-10-02,1.3633113776496422,20,20,1.3633113776496422,3.564028104655812,0.002141479233537469,3.9245842971660103,-0.09187118054020658,2024-09
2024-09-06,2023-10-02,1.3525735598308115,20,20,1.3525735598308115,3.5359568326658697,-0.00787627683218095,3.9245842971660103,-0.09902385452155359,2024-09
2024-09-09,2023-10-02,1.3449259654255936,20,20,1.3449259654255936,3.5159641575954135,-0.005654106092517819,3.9245842971660103,-0.10411806923491651,2024-09
2024-09-10,2023-10-02,1.3546037299946179,20,20,1.3546037299946179,3.541264192114093,0.00719576007736733,3.9245842971660103,-0.09767151780348236,2024-09
2024-09-11,2023-10-02,1.3263383535608932,20,20,1.3263383535608932,3.467371611409497,-0.02086615872070341,3.9245842971660103,-0.11649964713120631,2024-09
2024-09-12,2023-10-02,1.3574157733355954,20,20,1.3574157733355954,3.5486155585466337,0.02343098930319476,3.9245842971660103,-0.09579835981376886,2024-09
2024-09-13,2023-10-02,1.3477273473913918,20,20,1.3477273473913918,3.5232876525956485,-0.007137404864830832,3.9245842971660103,-0.10225201299922211,2024-09
2024-09-17,2023-10-02,1.3521474796323085,20,20,1.3521474796323085,3.5348429552148355,0.0032796932179732785,3.9245842971660103,-0.09930767501480647,2024-09
2024-09-18,2023-10-02,1.3789488781779973,20,19,1.3789488781779973,3.604908341029773,0.019821357469805623,3.9245842971660103,-0.0814547304709646,2024-09
2024-09-19,2023-10-02,1.398396371126518,20,20,1.398396371126518,3.655748825874194,0.014103128300315682,3.9245842971660103,-0.06850036868514857,2024-09
2024-09-20,2023-10-02,1.409497061854045,20,20,1.409497061854045,3.6847687360595,0.007938157561567794,3.9245842971660103,-0.06110597784322889,2024-09
2024-09-24,2023-10-02,1.4137849858273899,20,20,1.4137849858273899,3.6959784140554217,0.003042165953652143,3.9245842971660103,-0.05824970641493614,2024-09
2024-09-25,2023-10-02,1.4181952314126114,20,20,1.4181952314126114,3.707507870547791,0.0031194599104051868,3.9245842971660103,-0.05531195412848514,2024-09
2024-09-26,2023-10-02,1.457491877748561,20,20,1.457491877748561,3.8102388784863437,0.027708911626227906,3.9245842971660103,-0.029135676551077485,2024-09
2024-09-27,2023-10-02,1.4532367425152646,20,20,1.4532367425152646,3.7991149182457087,-0.002919491558244225,3.9245842971660103,-0.03197010674758715,2024-09
2024-09-30,2023-10-02,1.4115631638149995,20,20,1.4115631638149995,3.690170029980058,-0.02867638663479999,3.9245842971660103,-0.05972970624053751,2024-09
2024-10-01,2024-10-01,1.0,20,20,1.0,3.690170029980058,0.0,3.9245842971660103,-0.05972970624053751,2024-10
2024-10-02,2024-10-01,0.9891156016955966,20,20,0.9891156016955966,3.650004749562783,-0.010884398304403353,3.9245842971660103,-0.06996398263161388,2024-10
2024-10-03,2024-10-01,1.0007779120156364,20,20,1.0007779120156364,3.693040657586121,0.01179064438984434,3.9245842971660103,-0.058998258681076055,2024-10
2024-10-04,2024-10-01,1.0071195571639102,20,20,1.0071195571639102,3.7164424064530497,0.006336715740959287,3.9245842971660103,-0.05303539813459031,2024-10
2024-10-07,2024-10-01,1.0115235379210046,20,19,1.0115235379210046,3.732693844255488,0.0043728480156775,3.9245842971660103,-0.04889446585440622,2024-10
2024-10-08,2024-10-01,0.995635022625056,20,20,0.995635022625056,3.674062521289499,-0.01570750921783237,3.9245842971660103,-0.06383396479912949,2024-10
2024-10-09,2024-10-01,0.9922542326177847,20,20,0.9922542326177847,3.66158683132701,-0.0033956117758470183,3.9245842971660103,-0.06701282121240557,2024-10
2024-10-10,2024-10-01,0.9880938266557712,20,20,0.9880938266557712,3.6462342259334375,-0.00419288305884824,3.9245842971660103,-0.07092472734846664,2024-10
2024-10-11,2024-10-01,0.9837241552701199,20,20,0.9837241552701199,3.630109395545246,-0.004422324345897843,3.9245842971660103,-0.07503339954588523,2024-10
2024-10-15,2024-10-01,0.9976588949914881,20,20,0.9976588949914881,3.6815309544406114,0.014165291811444769,3.9245842971660103,-0.06193097773461272,2024-10
2024-10-16,2024-10-01,0.9848849821492585,20,20,0.9848849821492585,3.634393044104638,-0.01280388808876276,3.9245842971660103,-0.07394190851523383,2024-10
2024-10-17,2024-10-01,0.9776985744330888,20,19,0.9776985744330888,3.6078739777272117,-0.00729669742804584,3.9245842971660103,-0.08069907420959181,2024-10
2024-10-18,2024-10-01,0.9758235927116509,20,19,0.9758235927116509,3.600954976372001,-0.001917750286713038,3.9245842971660103,-0.08246206382360194,2024-10
2024-10-21,2024-10-01,0.9791056494450036,20,20,0.9791056494450036,3.613066323766113,0.003363370959531986,3.9245842971660103,-0.07937604337479724,2024-10
2024-10-22,2024-10-01,0.9676210134444752,20,20,0.9676210134444752,3.570686064191733,-0.01172972090094504,3.9245842971660103,-0.09017470544073455,2024-10
2024-10-23,2024-10-01,0.9620077584230132,20,20,0.9620077584230132,3.549972198740899,-0.005801088384263409,3.9245842971660103,-0.09545268238871134,2024-10
2024-10-24,2024-10-01,0.9604030564875652,20,20,0.9604030564875652,3.544050575751658,-0.0016680758771411286,3.9245842971660103,-0.09696153594895146,2024-10
2024-10-25,2024-10-01,0.9524140557585262,20,20,0.9524140557585262,3.5145698046918694,-0.008318383281969877,3.9245842971660103,-0.10447335601128949,2024-10
2024-10-28,2024-10-01,0.9676483813735602,20,20,0.9676483813735602,3.5707870565034256,0.015995485915945462,3.9245842971660103,-0.0901489721900141,2024-10
2024-10-29,2024-10-01,0.9806925898119842,20,20,0.9806925898119842,3.6189224035477103,0.013480318563554805,3.9245842971660103,-0.07788389048975763,2024-10
2024-10-30,2024-10-01,0.9742209229940876,20,20,0.9742209229940876,3.595040852612292,-0.006599077922203267,3.9245842971660103,-0.08396900654973463,2024-10
2024-10-31,2024-10-01,0.9785418428414641,20,20,0.9785418428414641,3.610985781535027,0.004435256670629606,3.9245842971660103,-0.0799061739755308,2024-10
2024-11-01,2024-10-01,0.9546137747113843,20,20,0.9546137747113843,3.5226871416460854,-0.024452779720280593,3.9245842971660103,-0.10240502562529735,2024-11
2024-11-05,2024-10-01,0.9614659679534074,20,20,0.9614659679534074,3.5479728997874314,0.007177974405507381,3.9245842971660103,-0.09596211187272359,2024-11
2024-11-06,2024-10-01,0.966117869012992,20,20,0.966117869012992,3.5651392056599427,0.0048383418806665635,3.9245842971660103,-0.09158806749688808,2024-11
2024-11-07,2024-10-01,0.9791459359481828,20,20,0.9791459359481828,3.613214987812758,0.013484966330765236,3.9245842971660103,-0.07933816317261828,2024-11
2024-11-08,2024-10-01,0.9733211850807413,20,20,0.9733211850807413,3.591720666729625,-0.005948807683913815,3.9245842971660103,-0.08481500338182321,2024-11
2024-11-11,2024-10-01,0.9688218406653517,20,20,0.9688218406653517,3.575117320813396,-0.004622671821343682,3.9245842971660103,-0.08904560327700661,2024-11
2024-11-12,2024-10-01,0.9678495194674507,20,20,0.9678495194674507,3.571529290269387,-0.0010036119718701553,3.9245842971660103,-0.08995984801538559,2024-11
2024-11-13,2024-10-01,0.9603314292551456,20,20,0.9603314292551456,3.5437862590852527,-0.0077678296688536985,3.9245842971660103,-0.09702888490781979,2024-11
2024-11-14,2024-10-01,0.9445773486374432,20,20,0.9445773486374432,3.485651022939918,-0.016404837057058086,3.9245842971660103,-0.11184197891813702,2024-11
2024-11-15,2024-10-01,0.9541433262426958,20,20,0.9541433262426958,3.5209511068062813,0.010127257041524063,3.9245842971660103,-0.10284737434514972,2024-11
2024-11-18,2024-10-01,0.952796860509397,20,20,0.952796860509397,3.515982419310867,-0.0014111776462357728,3.9245842971660103,-0.10411341607573561,2024-11
2024-11-19,2024-10-01,0.9564931483972435,20,20,0.9564931483972435,3.5296223500967763,0.0038794081309947437,3.9245842971660103,-0.1006379063776107,2024-11
2024-11-20,2024-10-01,0.9576210914736091,20,20,0.9576210914736091,3.533784651832704,0.0011792484643049495,3.9245842971660103,-0.09957733500985248,2024-11
2024-11-21,2024-10-01,0.9561880465204159,20,20,0.9561880465204159,3.528496472294816,-0.0014964634404490695,3.9245842971660103,-0.100924784608962,2024-11
2024-11-22,2024-10-01,0.9594819617887635,20,20,0.9594819617887635,3.5406515796993667,0.003444840458249221,3.9245842971660103,-0.0978276139319739,2024-11
2024-11-25,2024-10-01,0.9596779395055739,20,20,0.9596779395055739,3.541374770796484,0.00020425367501952785,3.9245842971660103,-0.09764334190661832,2024-11
2024-11-26,2024-10-01,0.9605478473448752,20,20,0.9605478473448752,3.5445848786339185,0.0009064580975461922,3.9245842971660103,-0.09682539340701486,2024-11
2024-11-27,2024-10-01,0.9534080139231896,20,20,0.9534080139231896,3.5182376793221644,-0.0074330846104349035,3.9245842971660103,-0.10353876667581678,2024-11
2024-11-28,2024-10-01,0.9349344799652125,20,19,0.9349344799652125,3.4500671979626185,-0.019376314954559826,3.9245842971660103,-0.12090888187725929,2024-11
2024-11-29,2024-10-01,0.9500688701713809,20,20,0.9500688701713809,3.5059156711234447,0.016187647937352168,3.9245842971660103,-0.10667846435223503,2024-11
2024-12-02,2024-10-01,0.9565425820014389,20,20,0.9565425820014389,3.529804768501452,0.006813939529342061,3.9245842971660103,-0.10059142542807226,2024-12
2024-12-03,2024-10-01,0.9624075536077468,20,20,0.9624075536077468,3.551447510949733,0.006131427619286978,3.9245842971660103,-0.09507676685291833,2024-12
2024-12-04,2024-10-01,0.9573630105142465,20,20,0.9573630105142465,3.532832289211156,-0.005241587178518969,3.9245842971660103,-0.09982000086932603,2024-12
2024-12-05,2024-10-01,0.9541644817109558,20,20,0.9541644817109558,3.5210291740812245,-0.0033409780492487107,3.9245842971660103,-0.1028274824867943,2024-12
2024-12-06,2024-10-01,0.9498803461246612,20,20,0.9498803461246612,3.5052199853363093,-0.004489934040106447,3.9245842971660103,-0.10685572791302483,2024-12
2024-12-09,2024-10-01,0.9336056327717388,20,19,0.9336056327717388,3.4451635258748388,-0.01713343519456978,3.9245842971660103,-0.12215835741822824,2024-12
2024-12-10,2024-10-01,0.9556430592141995,20,20,0.9556430592141995,3.526485376470697,0.02360464169119747,3.9245842971660103,-0.10143721998347326,2024-12
2024-12-11,2024-10-01,0.9548836828100485,20,20,0.9548836828100485,3.523683148422625,-0.0007946234703732902,3.9245842971660103,-0.1021512390580783,2024-12
2024-12-12,2024-10-01,0.9594349962369483,20,20,0.9594349962369483,3.5404782688276164,0.004766353754737995,3.9245842971660103,-0.09787177424517586,2024-12
2024-12-13,2024-10-01,0.9565986883149025,20,20,0.9565986883149025,3.530011810337888,-0.0029562272933238987,3.9245842971660103,-0.10053867032823016,2024-12
2024-12-16,2024-10-01,0.9619837042987314,20,20,0.9619837042987314,3.549883434932377,0.005629336575105448,3.9245842971660103,-0.0954752997672159,2024-12
2024-12-17,2024-10-01,0.9602892219174549,20,20,0.9602892219174549,3.5436305068326615,-0.0017614460345892757,3.9245842971660103,-0.09706857121362897,2024-12
2024-12-18,2024-10-01,0.9611851739118545,20,20,0.9611851739118545,3.5469367220306958,0.0009330022392739501,3.9245842971660103,-0.09622613416866047,2024-12
2024-12-19,2024-10-01,0.9651451856285804,20,20,0.9651451856285804,3.5615498385861275,0.004119925925000878,3.9245842971660103,-0.09250265278848371,2024-12
2024-12-20,2024-10-01,0.9704679360549595,20,20,0.9704679360549595,3.581191692686615,0.005514973814962909,3.9245842971660103,-0.08749782868146394,2024-12
2024-12-23,2024-10-01,0.9707713459803611,20,20,0.9707713459803611,3.5823113269001303,0.0003126429159885369,3.9245842971660103,-0.08721254134177713,2024-12
2024-12-24,2024-10-01,0.9668849230230321,20,20,0.9668849230230321,3.5679697653791687,-0.004003438063372333,3.9245842971660103,-0.09086682939753832,2024-12
2024-12-25,2024-10-01,0.9733980501983102,20,20,0.9733980501983102,3.592004312082828,0.00673619685258342,3.9245842971660103,-0.08474272939514692,2024-12
2024-12-26,2024-10-01,0.980954654123861,20,20,0.980954654123861,3.6198894654173257,0.007763118000915892,3.9245842971660103,-0.0776374792022453,2024-12
2024-12-27,2024-10-01,0.9944458154802637,20,20,0.9944458154802637,3.669674144724348,0.013753093784393489,3.9245842971660103,-0.0649521409505042,2024-12
2024-12-30,2024-10-01,0.999223133379081,20,20,0.999223133379081,3.687303260058251,0.004804000202374148,3.9245842971660103,-0.06046017084640095,2024-12
2025-01-06,2024-10-01,1.0067272108999181,20,20,1.0067272108999181,3.7149945820282912,0.007509911720579021,3.9245842971660103,-0.053404309671489625,2025-01
2025-01-07,2024-10-01,1.0131052067913937,20,20,1.0131052067913937,3.7385304713183505,0.006335376477779153,3.9245842971660103,-0.047407269601015205,2025-01
2025-01-08,2024-10-01,1.002121604481254,20,20,1.002121604481254,3.697999111252253,-0.010841521923400155,3.9245842971660103,-0.05773482457170743,2025-01
2025-01-09,2024-10-01,0.9859082058861475,20,20,0.9859082058861475,3.63816891367247,-0.016179073001324373,3.9245842971660103,-0.07297980163156755,2025-01
2025-01-10,2024-10-01,0.9901526073477178,20,20,0.9901526073477178,3.6538314767411606,0.004305067587661915,3.9245842971660103,-0.06898891702246365,2025-01
2025-01-14,2024-10-01,0.9765310618552275,20,20,0.9765310618552275,3.603565657802763,-0.013757016233061026,3.9245842971660103,-0.08179685160414536,2025-01
2025-01-15,2024-10-01,0.9705909713282178,20,20,0.9705909713282178,3.5816457137646234,-0.006082848522733775,3.9245842971660103,-0.08738214226893458,2025-01
2025-01-16,2024-10-01,0.9684733658781471,20,20,0.9684733658781471,3.57383138959745,-0.0021817691619084867,3.9245842971660103,-0.0893732637675392,2025-01
2025-01-17,2024-10-01,0.9610275257064907,20,20,0.9610275257064907,3.546354973347982,-0.007688223996645482,3.9245842971660103,-0.09637436609302852,2025-01
2025-01-20,2024-10-01,0.9739401747706338,20,20,0.9739401747706338,3.5940048439321326,0.013436294714503916,3.9245842971660103,-0.08423298576427397,2025-01
2025-01-21,2024-10-01,0.9761775961738474,20,20,0.9761775961738474,3.6022613093387075,0.0022972883357446072,3.9245842971660103,-0.08212920488421058,2025-01
2025-01-22,2024-10-01,0.9783175627910968,20,20,0.9783175627910968,3.6101581500148394,0.0021921898490984137,3.9245842971660103,-0.08011705784437394,2025-01
2025-01-23,2024-10-01,0.9786963101185834,20,20,0.9786963101185834,3.611555792051665,0.0003871414987235422,3.9245842971660103,-0.07976093298349758,2025-01
2025-01-24,2024-10-01,0.9861558100360408,20,20,0.9861558100360408,3.639082615085705,0.007621873956542791,3.9245842971660103,-0.07274698680481123,2025-01
2025-01-27,2024-10-01,0.9884163175901107,20,20,0.9884163175901107,3.647424272314278,0.0022922417847819343,3.9245842971660103,-0.07062149870290037,2025-01
2025-01-28,2024-10-01,0.9898941334767802,20,20,0.9898941334767802,3.6528776642090937,0.0014951350563217058,3.9245842971660103,-0.06923195232501932,2025-01
2025-01-29,2024-10-01,0.9960367447808106,20,20,0.9960367447808106,3.6755449443490433,0.006205321454382018,3.9245842971660103,-0.06345623738972846,2025-01
2025-01-30,2024-10-01,0.9861710084892561,20,20,0.9861710084892561,3.6391386999622624,-0.009904992303999327,3.9245842971660103,-0.0727326961507418,2025-01
2025-01-31,2024-10-01,0.9903397656499389,20,20,0.9903397656499389,3.6545221226988787,0.0042272152849727185,3.9245842971660103,-0.06881293763065474,2025-01
2025-02-03,2024-10-01,0.9735813783944919,20,20,0.9735813783944919,3.5926808242980286,-0.01692185635345944,3.9245842971660103,-0.08457035133826868,2025-02
2025-02-04,2024-10-01,0.9802567381521757,20,20,0.9802567381521757,3.617314036815168,0.006856499010582828,3.9245842971660103,-0.07829370885796126,2025-02
2025-02-05,2024-10-01,0.9852262708185768,20,20,0.9852262708185768,3.6356524573237285,0.005069623572054205,3.9245842971660103,-0.07362100491787701,2025-02
2025-02-06,2024-10-01,0.9967089803629412,20,20,0.9967089803629412,3.678025607947308,0.011654895818829392,3.9245842971660103,-0.06282415424144294,2025-02
2025-02-07,2024-10-01,0.9956340496680993,20,20,0.9956340496680993,3.6740589309128966,-0.001078479993679271,3.9245842971660103,-0.06383487964165303,2025-02
2025-02-10,2024-10-01,0.9864470925205031,20,20,0.9864470925205031,3.6401574969801263,-0.009227242831498894,3.9245842971660103,-0.07247310253757884,2025-02
2025-02-12,2024-10-01,0.9970762290334105,20,20,0.9970762290334105,3.6793808179846237,0.010775171414159068,3.9245842971660103,-0.06247884122617802,2025-02
2025-02-13,2024-10-01,1.0159269894494722,20,20,1.0159269894494722,3.7489433291143093,0.018906037339127213,3.9245842971660103,-0.04475403119217837,2025-02
2025-02-14,2024-10-01,1.0216153179299179,20,20,1.0216153179299179,3.7699342283935318,0.005599150863713209,3.9245842971660103,-0.039405464900869436,2025-02
2025-02-17,2024-10-01,1.0203366218940062,20,20,1.0203366218940062,3.765215622604356,-0.0012516414089235317,3.9245842971660103,-0.0406077847981852,2025-02
2025-02-18,2024-10-01,1.0231929836618412,20,20,1.0231929836618412,3.7757560831948016,0.002799430802094438,3.9245842971660103,-0.03792203267965969,2025-02
2025-02-19,2024-10-01,1.0223439206764402,20,20,1.0223439206764402,3.7726228964125097,-0.0008298170520699699,3.9245842971660103,-0.03872038138236291,2025-02
2025-02-20,2024-10-01,1.0128664235171005,20,20,1.0128664235171005,3.737649320435893,-0.009270360949638956,3.9245842971660103,-0.047631790420479735,2025-02
2025-02-21,2024-10-01,1.0066217318270212,20,20,1.0066217318270212,3.714605346314697,-0.006165365486591079,3.9245842971660103,-0.053503488510347856,2025-02
2025-02-25,2024-10-01,1.003522663953509,20,20,1.003522663953509,3.7031692589269887,-0.0030786816691183994,3.9245842971660103,-0.056417449970155596,2025-02
2025-02-26,2024-10-01,0.9963971771822537,20,20,0.9963971771822537,3.6768750011946825,-0.007100474186784833,3.9245842971660103,-0.0631173335097431,2025-02
2025-02-27,2024-10-01,1.0065155762229545,20,20,1.0065155762229545,3.7142136140860558,0.010154985654731608,3.9245842971660103,-0.053603303471367846,2025-02
2025-02-28,2024-10-01,0.9978613185401498,20,20,0.9978613185401498,3.682277931753245,-0.00859823522580816,3.9245842971660103,-0.06174064488504881,2025-02
2025-03-03,2024-10-01,1.0104035911454783,20,20,1.0104035911454783,3.728561050229268,0.012569154022001428,3.9245842971660103,-0.049947518538025336,2025-03
2025-03-04,2024-10-01,1.000994176838791,20,20,1.000994176838791,3.6938387115550655,-0.00931253054635306,3.9245842971660103,-0.05879491129227852,2025-03
2025-03-05,2024-10-01,0.9764884863646677,20,19,0.9764884863646677,3.6034085470034873,-0.024481351681299612,3.9245842971660103,-0.08183688407316103,2025-03
2025-03-06,2024-10-01,1.0076811058951827,20,20,1.0076811058951827,3.7185146167515644,0.03194366340830168,3.9245842971660103,-0.05250739054407657,2025-03
2025-03-07,2024-10-01,1.0067740522499666,20,20,1.0067740522499666,3.715167434574404,-0.0009001395777984422,3.9245842971660103,-0.053360266141519404,2025-03
2025-03-10,2024-10-01,1.0100168813840318,20,20,1.0100168813840318,3.7271340254572776,0.0032210098450768943,3.9245842971660103,-0.050311130239020216,2025-03
2025-03-11,2024-10-01,1.0042881584348355,20,20,1.0042881584348355,3.7059940637200945,-0.005671908118353608,3.9245842971660103,-0.05569767824932756,2025-03
2025-03-12,2024-10-01,1.0073321850957744,20,20,1.0073321850957744,3.7172270396747513,0.0030310291278181634,3.9245842971660103,-0.05283547040663496,2025-03
2025-03-13,2024-10-01,1.0044824206197198,20,20,1.0044824206197198,3.7067109242127128,-0.0028290215662906126,3.9245842971660103,-0.055515019287680115,2025-03
2025-03-14,2024-10-01,1.0074240586254035,20,20,1.0074240586254035,3.717566068620337,0.0029285111867551894,3.9245842971660103,-0.05274908445594188,2025-03
2025-03-17,2024-10-01,0.9888666102504704,20,19,0.9888666102504704,3.649085928794257,-0.018420692077032674,3.9245842971660103,-0.07019810189086625,2025-03
2025-03-18,2024-10-01,1.0198748002656062,20,20,1.0198748002656062,3.7635114222720376,0.031357303091952504,3.9245842971660103,-0.041042021956385386,2025-03
2025-03-19,2024-10-01,1.0001000174257253,20,19,1.0001000174257253,3.6905391112869452,-0.01938942195133264,3.9245842971660103,-0.05963566282626976,2025-03
2025-03-21,2024-10-01,1.024274746206335,20,20,1.024274746206335,3.779747970916048,0.024172311128277002,3.9245842971660103,-0.036904883494170426,2025-03
2025-03-24,2024-10-01,1.0250757346857062,20,20,1.0250757346857062,3.782703754596983,0.0007820054944611687,3.9245842971660103,-0.03615173782137414,2025-03
2025-03-25,2024-10-01,1.023459075005034,20,20,1.023459075005034,3.776738005494689,-0.0015771124278616266,3.9245842971660103,-0.03767183489422888,2025-03
2025-03-26,2024-10-01,1.0284917969733354,20,20,1.0284917969733354,3.795309605271337,0.004917365130869156,3.9245842971660103,-0.03293971593068444,2025-03
2025-03-27,2024-10-01,1.0297333777630837,20,20,1.0297333777630837,3.7998912494914654,0.001207185894337881,3.9245842971660103,-0.03177229439678166,2025-03
2025-03-28,2024-10-01,1.0110321321024618,20,20,1.0110321321024618,3.7308804732313434,-0.018161250343508573,3.9245842971660103,-0.049356520147762595,2025-03
2025-03-31,2024-10-01,0.9891889563694514,20,20,0.9891889563694514,3.650275440781801,-0.02160482841191902,3.9245842971660103,-0.06989500941087978,2025-03
2025-04-01,2024-10-01,0.9826740973110928,20,20,0.9826740973110928,3.6262345031351018,-0.006586061253928355,3.9245842971660103,-0.07602073785148418,2025-04
2025-04-02,2024-10-01,0.9771394782251108,20,20,0.9771394782251108,3.6058108176566557,-0.005632202070988135,3.9245842971660103,-0.08122477576530712,2025-04
2025-04-03,2024-10-01,0.9456046759939328,20,20,0.9456046759939328,3.4894420355618143,-0.032272570020871805,3.9245842971660103,-0.11087601352286343,2025-04
2025-04-04,2024-10-01,0.9011088418003995,20,20,0.9011088418003995,3.325244841761876,-0.04705542952900832,3.9245842971660103,-0.15271412461108932,2025-04
2025-04-07,2024-10-01,0.8237640298888356,20,20,0.8237640298888356,3.039829334871378,-0.08583292974579004,3.9245842971660103,-0.22543915362794595,2025-04
2025-04-08,2024-10-01,0.8903968906497992,20,20,0.8903968906497992,3.28571592066332,0.08088828638215184,3.9245842971660103,-0.16278625406620134,2025-04
2025-04-09,2024-10-01,0.8608439989842962,20,20,0.8608439989842962,3.1766607255400334,-0.03319069504379746,3.9245842971660103,-0.19057396019396539,2025-04
2025-04-10,2024-10-01,0.9089364418238663,20,20,0.9089364418238663,3.3541300167751444,0.055866617989222433,3.9245842971660103,-0.14535406483759256,2025-04
2025-04-11,2024-10-01,0.9174546338485746,20,20,0.9174546338485746,3.385563593694338,0.009371603593773425,3.9245842971660103,-0.1373446619202206,2025-04
2025-04-14,2024-10-01,0.9355905413744073,20,20,0.9355905413744073,3.4524881761126553,0.019767634122414668,3.9245842971660103,-0.12029200682331152,2025-04
2025-04-15,2024-10-01,0.939841384500582,20,20,0.939841384500582,3.468174510019012,0.004543486640993688,3.9245842971660103,-0.11629506530833789,2025-04
2025-04-16,2024-10-01,0.9300794886497864,20,20,0.9300794886497864,3.4321514545146194,-0.010386748244740063,3.9245842971660103,-0.1254738859876147,2025-04
2025-04-17,2024-10-01,0.9438442637111509,20,20,0.9438442637111509,3.482945814915484,0.014799568455538203,3.9245842971660103,-0.11253127689713248,2025-04
2025-04-18,2024-10-01,0.9267621634029257,20,19,0.9267621634029257,3.4199099603089578,-0.018098431028292006,3.9245842971660103,-0.1285930683719761,2025-04
2025-04-21,2024-10-01,0.92433441440678,20,19,0.92433441440678,3.410951153723067,-0.0026196030567662287,3.9245842971660103,-0.1308758086337562,2025-04
2025-04-22,2024-10-01,0.9598846286848084,20,20,0.9598846286848084,3.5421374890112163,0.038460338297415575,3.9245842971660103,-0.09744899821134266,2025-04
2025-04-23,2024-10-01,0.9681679038329388,20,20,0.9681679038329388,3.572704182712926,0.008629448686432006,3.9245842971660103,-0.08966048065451956,2025-04
2025-04-24,2024-10-01,0.9389444716322087,20,19,0.9389444716322087,3.4648647490326376,-0.030184260483161696,3.9245842971660103,-0.11713840583455978,2025-04
2025-04-25,2024-10-01,0.9745686889270317,20,20,0.9745686889270317,3.596324168035491,0.03794070722083909,3.9245842971660103,-0.08364201257380559,2025-04
2025-04-28,2024-10-01,0.9805631705207846,20,20,0.9805631705207846,3.6184448243580243,0.0061509072288710165,3.9245842971660103,-0.07800557960471204,2025-04
2025-04-30,2024-10-01,0.9867842604700843,20,20,0.9867842604700843,3.64140170404274,0.006344405068768433,3.9245842971660103,-0.07215607353057996,2025-04
2025-05-01,2024-10-01,0.9854594264980143,20,20,0.9854594264980143,3.6365128414243086,-0.0013425771216077909,3.9245842971660103,-0.07340177555868059,2025-05
2025-05-02,2024-10-01,0.9835281332803982,20,20,0.9835281332803982,3.6293860410735577,-0.001959789683558366,3.9245842971660103,-0.0752177131997442,2025-05
2025-05-07,2024-10-01,0.9895935247339445,20,20,0.9895935247339445,3.6517683668355314,0.006166973011047627,3.9245842971660103,-0.06951460579595209,2025-05
2025-05-08,2024-10-01,0.9908006600038558,20,20,0.9908006600038558,3.65622290123069,0.0012198293943321836,3.9245842971660103,-0.06837957236110515,2025-05
2025-05-09,2024-10-01,1.0034097199483638,20,20,1.0034097199483638,3.7027524763441355,0.012726131959236886,3.9245842971660103,-0.05652364786305195,2025-05
2025-05-12,2024-10-01,1.0147798142922375,20,20,1.0147798142922375,3.744710057729944,0.011331457248050958,3.9245842971660103,-0.04583268591426505,2025-05
2025-05-13,2024-10-01,1.0190008739863783,20,20,1.0190008739863783,3.760286485708019,0.00415958184691001,3.9245842971660103,-0.04186374887567909,2025-05
2025-05-14,2024-10-01,1.018939472547486,20,20,1.018939472547486,3.7600599039584215,-6.0256512491418945e-05,3.9245842971660103,-0.041921482824663465,2025-05
2025-05-15,2024-10-01,1.0252039084535918,20,20,1.0252039084535918,3.7831767375938634,0.006147996102696451,3.9245842971660103,-0.03603121983499221,2025-05
2025-05-16,2024-10-01,1.0067047568584497,20,19,1.0067047568584497,3.7149117227974124,-0.018044363118987716,3.9245842971660103,-0.05342542253965725,2025-05
2025-05-19,2024-10-01,1.0142652624337671,20,19,1.0142652624337671,3.742811273882946,0.0075101518333051676,3.9245842971660103,-0.046316503741383415,2025-05
2025-05-20,2024-10-01,1.0377289257836684,20,20,1.0377289257836684,3.829396181170293,0.023133655680565468,3.9245842971660103,-0.024254318110698704,2025-05
2025-05-21,2024-10-01,1.0361302536648984,20,20,1.0361302536648984,3.8234968092298436,-0.0015405488649771204,3.9245842971660103,-0.025757502013439546,2025-05
2025-05-22,2024-10-01,1.033613744755826,20,20,1.033613744755826,3.814210463473407,-0.0024287572920211886,3.9245842971660103,-0.02812370058462134,2025-05
2025-05-23,2024-10-01,1.038668376635145,20,20,1.038668376635145,3.8328629145470514,0.004890252190399291,3.9245842971660103,-0.02337098038260817,2025-05
2025-05-26,2024-10-01,1.0545132664911094,20,20,1.0545132664911094,3.8913332522218664,0.015255003630028074,3.9245842971660103,-0.008472501143154159,2025-05
2025-05-27,2024-10-01,1.0567326423790748,20,20,1.0567326423790748,3.8995231266088966,0.00210464482381556,3.9245842971660103,-0.00638568792501431,2025-05
2025-05-28,2024-10-01,1.0616993199526634,20,20,1.0616993199526634,3.9178510113395273,0.004700032320764658,3.9245842971660103,-0.0017156685438876197,2025-05
2025-05-29,2024-10-01,1.0698880925636607,20,20,1.0698880925636607,3.948068974610951,0.007712892395336901,3.948068974610951,0.0,2025-05
2025-05-30,2024-10-01,1.0782864664864211,20,20,1.0782864664864211,3.9790604023612874,0.007849768570314941,3.9790604023612874,0.0,2025-05
2025-06-02,2024-10-01,1.0788087575564633,20,20,1.0788087575564633,3.9809877452148834,0.00048437134868639653,3.9809877452148834,0.0,2025-06
2025-06-03,2024-10-01,1.0497848487630828,20,19,1.0497848487630828,3.873884586832676,-0.026903664426233043,3.9809877452148834,-0.02690366442623303,2025-06
2025-06-04,2024-10-01,1.056457310590132,20,19,1.056457310590132,3.898507105493039,0.006356027937449271,3.9809877452148834,-0.020718636931496552,2025-06
2025-06-05,2024-10-01,1.0809695804335466,20,20,1.0809695804335466,3.9889615490359915,0.023202328762079505,3.9889615490359915,0.0,2025-06
2025-06-06,2024-10-01,1.0808952270808978,20,20,1.0808952270808978,3.9886871725224182,-6.878394544551636e-05,3.9889615490359915,-6.878394544555685e-05,2025-06
2025-06-09,2024-10-01,1.055473053594983,20,19,1.055473053594983,3.894875029827742,-0.023519553837397122,3.9889615490359915,-0.02358672001513462,2025-06
2025-06-10,2024-10-01,1.0851242535209211,20,20,1.0851242535209211,4.004292999147386,0.02809280618291954,4.004292999147386,0.0,2025-06
2025-06-11,2024-10-01,1.1040038569791077,20,20,1.1040038569791077,4.073961946006694,0.017398563710033788,4.073961946006694,0.0,2025-06
2025-06-12,2024-10-01,1.1253972099945684,20,20,1.1253972099945684,4.15290705614513,0.01937796945202641,4.15290705614513,0.0,2025-06
2025-06-13,2024-10-01,1.1192539915835005,20,20,1.1192539915835005,4.130237535676986,-0.005458711250135084,4.15290705614513,-0.005458711250135045,2025-06
2025-06-16,2024-10-01,1.1243158078228,20,20,1.1243158078228,4.148916498260515,0.0045224911211960706,4.15290705614513,-0.0009609071021009218,2025-06
2025-06-17,2024-10-01,1.1213390749358068,20,20,1.1213390749358068,4.137931847773677,-0.0026475949784585673,4.15290705614513,-0.0036059579877411613,2025-06
2025-06-18,2024-10-01,1.1292366913257428,20,20,1.1292366913257428,4.1670753950840975,0.007043022549078515,4.1670753950840975,0.0,2025-06
2025-06-19,2024-10-01,1.1310446827957683,20,20,1.1310446827957683,4.173747191021246,0.0016010739678524732,4.173747191021246,0.0,2025-06
2025-06-20,2024-10-01,1.1271059980365672,20,20,1.1271059980365672,4.159212774565303,-0.0034823423151286725,4.173747191021246,-0.0034823423151287133,2025-06
2025-06-23,2024-10-01,1.1224402967312264,20,20,1.1224402967312264,4.141995543439495,-0.004139540835971567,4.173747191021246,-0.007607467852882019,2025-06
2025-06-24,2024-10-01,1.1172651997274148,20,20,1.1172651997274148,4.12289855557379,-0.004610576632790631,4.173747191021246,-0.012182969672155434,2025-06
2025-06-25,2024-10-01,1.1139543490180084,20,20,1.1139543490180084,4.1106809535122,-0.002963352577538547,4.173747191021246,-0.015110219815113943,2025-06
2025-06-26,2024-10-01,1.1240693340164394,20,20,1.1240693340164394,4.148006968007108,0.009080250916339239,4.173747191021246,-0.006167173486096914,2025-06
2025-06-27,2024-10-01,1.1300347683117076,20,20,1.1300347683117076,4.170020434859322,0.00530699852290506,4.173747191021246,-0.000892904143772964,2025-06
2025-06-30,2024-10-01,1.1383096951356246,20,20,1.1383096951356246,4.200556321825219,0.007322718783493665,4.200556321825219,0.0,2025-06
2025-07-01,2024-10-01,1.1344659203213059,20,20,1.1344659203213059,4.186372139203428,-0.003376739063845613,4.200556321825219,-0.0033767390638455926,2025-07
2025-07-02,2024-10-01,1.1326577900195203,20,20,1.1326577900195203,4.17969983095348,-0.0015938163230796443,4.200556321825219,-0.0049651734850864925,2025-07
2025-07-03,2024-10-01,1.1365178333306107,20,20,1.1365178333306107,4.19394404709449,0.0034079519384435653,4.200556321825219,-0.0015741426192460376,2025-07
2025-07-04,2024-10-01,1.1428948384022501,20,20,1.1428948384022501,4.217476280090885,0.005611003087343969,4.217476280090885,0.0,2025-07
2025-07-07,2024-10-01,1.1339501391712454,20,20,1.1339501391712454,4.184468819061446,-0.007826353685794207,4.217476280090885,-0.00782635368579424,2025-07
2025-07-08,2024-10-01,1.1443741744595226,20,20,1.1443741744595226,4.222935281673701,0.009192675169911402,4.222935281673701,0.0,2025-07
2025-07-09,2024-10-01,1.1488263147381361,20,20,1.1488263147381361,4.239364436299107,0.003890458538804431,4.239364436299107,0.0,2025-07
2025-07-10,2024-10-01,1.147821442879767,20,20,1.147821442879767,4.2356562882833835,-0.0008746943253976625,4.239364436299107,-0.0008746943253977174,2025-07
2025-07-11,2024-10-01,1.1531662664987072,20,20,1.1531662664987072,4.2553795962175265,0.004656493962624353,4.2553795962175265,0.0,2025-07
2025-07-14,2024-10-01,1.1578398212801073,20,20,1.1578398212801073,4.272625808005319,0.004052802199625782,4.272625808005319,0.0,2025-07
2025-07-15,2024-10-01,1.1585921395601462,20,20,1.1585921395601462,4.275401990375324,0.0006497602398982671,4.275401990375324,0.0,2025-07
2025-07-16,2024-10-01,1.157814706667761,20,20,1.157814706667761,4.272533130815524,-0.0006710151621435179,4.275401990375324,-0.0006710151621435467,2025-07
2025-07-17,2024-10-01,1.165723251996409,20,20,1.165723251996409,4.30171700776804,0.006830579438232398,4.30171700776804,0.0,2025-07
2025-07-18,2024-10-01,1.159429196056708,20,20,1.159429196056708,4.278490871172337,-0.005399271163993635,4.30171700776804,-0.00539927116399363,2025-07
2025-07-22,2024-10-01,1.1686452874018816,20,20,1.1686452874018816,4.312499815247855,0.007948817725582646,4.312499815247855,0.0,2025-07
2025-07-23,2024-10-01,1.187387879476861,20,20,1.187387879476861,4.381663166807086,0.016037879309510394,4.381663166807086,0.0,2025-07
2025-07-24,2024-10-01,1.1970505121228678,20,20,1.1970505121228678,4.417319924208087,0.008137722148775728,4.417319924208087,0.0,2025-07
2025-07-25,2024-10-01,1.2066669466069198,20,20,1.2066669466069198,4.452806202536403,0.008033440850376605,4.452806202536403,0.0,2025-07
2025-07-28,2024-10-01,1.1983726981487872,20,20,1.1983726981487872,4.422199015454994,-0.006873684972854788,4.452806202536403,-0.006873684972854742,2025-07
2025-07-29,2024-10-01,1.1943252818764,20,20,1.1943252818764,4.407263361227777,-0.0033774269712916194,4.452806202536403,-0.01022789657512684,2025-07
2025-07-30,2024-10-01,1.1983903123273114,20,20,1.1983903123273114,4.422264014768686,0.003403620866607282,4.452806202536403,-0.006859087590724058,2025-07
2025-07-31,2024-10-01,1.2061336141571104,20,20,1.2061336141571104,4.4508381151141,0.006461418913476624,4.452806202536403,-0.0004419881155352915,2025-07
2025-08-01,2024-10-01,1.2145863662100196,20,20,1.2145863662100196,4.482030207410598,0.007008139026799531,4.482030207410598,0.0,2025-08
2025-08-04,2024-10-01,1.2116460189973817,20,20,1.2116460189973817,4.471179826248786,-0.0024208630151291155,4.482030207410598,-0.002420863015129143,2025-08
2025-08-05,2024-10-01,1.2224527579548021,20,20,1.2224527579548021,4.511058530471277,0.008919056216074361,4.511058530471277,0.0,2025-08
2025-08-06,2024-10-01,1.2349967386000382,20,20,1.2349967386000382,4.557347951904977,0.010261321399628098,4.557347951904977,0.0,2025-08
2025-08-07,2024-10-01,1.2443657632679774,20,20,1.2443657632679774,4.59192124594475,0.007586274825761574,4.59192124594475,0.0,2025-08
2025-08-08,2024-10-01,1.2494060892673788,20,20,1.2494060892673788,4.610520905889071,0.004050518061638364,4.610520905889071,0.0,2025-08
2025-08-12,2024-10-01,1.2665353966101016,20,20,1.2665353966101016,4.673730962479503,0.0137099598680257,4.673730962479503,0.0,2025-08
2025-08-13,2024-10-01,1.272212874995234,20,20,1.272212874995234,4.6946818230621785,0.004482684337388632,4.6946818230621785,0.0,2025-08
2025-08-14,2024-10-01,1.2743075117529936,20,20,1.2743075117529936,4.702411388849358,0.0016464514696625798,4.702411388849358,0.0,2025-08
2025-08-15,2024-10-01,1.2209239202622504,20,19,1.2209239202622504,4.505416859437519,-0.0418922363702513,4.702411388849358,-0.04189223637025129,2025-08
2025-08-18,2024-10-01,1.2800110053744427,20,20,1.2800110053744427,4.723458250077411,0.04839538658518583,4.723458250077411,0.0,2025-08
2025-08-19,2024-10-01,1.2975013109754616,20,20,1.2975013109754616,4.788000451621484,0.013664183766843863,4.788000451621484,0.0,2025-08
2025-08-20,2024-10-01,1.296157116158799,20,20,1.296157116158799,4.783040144194581,-0.001035987251258974,4.788000451621484,-0.0010359872512590088,2025-08
2025-08-21,2024-10-01,1.303381754940557,20,20,1.303381754940557,4.809700289704456,0.005573891229458727,4.809700289704456,0.0,2025-08
2025-08-22,2024-10-01,1.3083642453014226,20,20,1.3083642453014226,4.828086526308787,0.0038227406068704894,4.828086526308787,0.0,2025-08
2025-08-25,2024-10-01,1.32321625155769,20,20,1.32321625155769,4.882892954680741,0.011351583711954438,4.882892954680741,0.0,2025-08
2025-08-26,2024-10-01,1.3132009531679643,20,20,1.3132009531679643,4.845934800721667,-0.007568905217069211,4.882892954680741,-0.007568905217069162,2025-08
2025-08-27,2024-10-01,1.3106822175659483,20,20,1.3106822175659483,4.8366402380896645,-0.0019180123163479168,4.882892954680741,-0.00947240027998942,2025-08
2025-08-28,2024-10-01,1.3245488606820779,20,20,1.3245488606820779,4.887810508933235,0.01057971408346492,4.887810508933235,0.0,2025-08
2025-08-29,2024-10-01,1.3328491091198018,20,20,1.3328491091198018,4.918439836959513,0.0062664720676666175,4.918439836959513,0.0,2025-08
2025-09-01,2024-10-01,1.3309050046948374,20,20,1.3309050046948374,4.911265761075358,-0.0014586080387209988,4.918439836959513,-0.0014586080387210456,2025-09
2025-09-02,2024-10-01,1.3390424487990797,20,20,1.3390424487990797,4.941294313429471,0.0061142185772367075,4.941294313429471,0.0,2025-09
2025-09-03,2024-10-01,1.2786894714792563,20,19,1.2786894714792563,4.718581565303792,-0.04507174315045137,4.941294313429471,-0.0450717431504514,2025-09
2025-09-04,2024-10-01,1.3373289967479014,20,20,1.3373289967479014,4.934971384022404,0.045859081955846426,4.941294313429471,-0.0012796099576344434,2025-09
2025-09-05,2024-10-01,1.3515921877264092,20,20,1.3515921877264092,4.987604983903176,0.010665431627664423,4.987604983903176,0.0,2025-09
2025-09-08,2024-10-01,1.357674959293636,20,20,1.357674959293636,5.010051445239771,0.004500448894617426,5.010051445239771,0.0,2025-09
2025-09-09,2024-10-01,1.3488784291912337,20,20,1.3488784291912337,4.977590753488069,-0.006479113459512353,5.010051445239771,-0.006479113459512393,2025-09
2025-09-10,2024-10-01,1.3549543435720508,20,20,1.3549543435720508,5.000011910640885,0.004504419560227069,5.010051445239771,-0.00200387854468538,2025-09
2025-09-11,2024-10-01,1.2990118022911659,20,19,1.2990118022911659,4.793574421405241,-0.041287399495251176,5.010051445239771,-0.04320854310592214,2025-09
2025-09-12,2024-10-01,1.3613647177198693,20,20,1.3613647177198693,5.0236672812021235,0.04800026860320039,5.0236672812021235,0.0,2025-09
2025-09-16,2024-10-01,1.3395697141587606,20,19,1.3395697141587606,4.943240012257611,-0.016009672703735767,5.0236672812021235,-0.016009672703735794,2025-09
2025-09-17,2024-10-01,1.328964932883967,20,19,1.328964932883967,4.904106566222874,-0.00791655795342705,5.0236672812021235,-0.023799489155388313,2025-09
2025-09-18,2024-10-01,1.3214698345247393,20,19,1.3214698345247393,4.876448378885899,-0.005639801452821502,5.0236672812021235,-0.0293050662146948,2025-09
2025-09-19,2024-10-01,1.3663705509005775,20,20,1.3663705509005775,5.042139656780653,0.03397785950368415,5.042139656780653,0.0,2025-09
2025-09-22,2024-10-01,1.375701211318557,20,20,1.375701211318557,5.076571380215001,0.006828792095840752,5.076571380215001,0.0,2025-09
2025-09-24,2024-10-01,1.3754724853288383,20,20,1.3754724853288383,5.075727342422664,-0.00016626138571129712,5.076571380215001,-0.00016626138571134563,2025-09
2025-09-25,2024-10-01,1.373250274819333,20,20,1.373250274819333,5.067527007800181,-0.0016155979368601692,5.076571380215001,-0.0017815907110198263,2025-09
2025-09-26,2024-10-01,1.3774307595840614,20,20,1.3774307595840614,5.08295370738977,0.0030442264177068523,5.08295370738977,0.0,2025-09
2025-09-29,2024-10-01,1.3753219475891636,20,20,1.3753219475891636,5.075171832567336,-0.0015309749548023666,5.08295370738977,-0.0015309749548023802,2025-09
2025-09-30,2024-10-01,1.3687056343890498,20,20,1.3687056343890498,5.050756511887315,-0.004810737741597015,5.08295370738977,-0.0063343475774028345,2025-09
2025-10-01,2025-10-01,1.0,20,20,1.0,5.050756511887315,0.0,5.08295370738977,-0.0063343475774028345,2025-10
2025-10-02,2025-10-01,0.9949023476551351,20,20,0.9949023476551351,5.025009511111151,-0.0050976523448649225,5.08295370738977,-0.011399709620486588,2025-10
2025-10-03,2025-10-01,1.0062629087436687,20,20,1.0062629087436687,5.082388939007756,0.011418770008241763,5.08295370738977,-0.00011111027456195862,2025-10
2025-10-06,2025-10-01,1.0253882190152428,20,20,1.0253882190152428,5.178986224403774,0.01900627570129987,5.178986224403774,0.0,2025-10
2025-10-07,2025-10-01,1.0411552512600608,20,20,1.0411552512600608,5.258621665187425,0.01537664657388027,5.258621665187425,0.0,2025-10
2025-10-08,2025-10-01,1.0483259409787766,20,20,1.0483259409787766,5.294839072978952,0.006887243482696315,5.294839072978952,0.0,2025-10
2025-10-09,2025-10-01,1.0488072861632143,20,20,1.0488072861632143,5.297270230303717,0.0004591560368985004,5.297270230303717,0.0,2025-10
2025-10-10,2025-10-01,1.0332847057658139,20,20,1.0332847057658139,5.2188694562802525,-0.014800221739673103,5.297270230303717,-0.014800221739673108,2025-10
2025-10-14,2025-10-01,1.0149951869998077,20,20,1.0149951869998077,5.126493550273562,-0.01770036725013846,5.297270230303717,-0.032238619629635826,2025-10
2025-10-15,2025-10-01,1.0306865375195662,20,20,1.0306865375195662,5.205746741091538,0.015459531947279448,5.297270230303717,-0.017277481652456936,2025-10
2025-10-16,2025-10-01,1.0355861517685532,20,20,1.0355861517685532,5.230493499665345,0.004753738474918112,5.297270230303717,-0.012605875806819725,2025-10
2025-10-17,2025-10-01,1.024995809013584,20,20,1.024995809013584,5.177004257032565,-0.010226423689504993,5.297270230303717,-0.022703386469346897,2025-10
2025-10-20,2025-10-01,1.0409918703903012,20,20,1.0409918703903012,5.257796468195569,0.015605977347469713,5.297270230303717,-0.007451717656828721,2025-10
2025-10-21,2025-10-01,1.0359159775924986,20,20,1.0359159775924986,5.232159369593426,-0.004876015790497346,5.297270230303717,-0.01229139875436509,2025-10
2025-10-22,2025-10-01,1.046250031719564,20,20,1.046250031719564,5.284354160769897,0.009975764782663044,5.297270230303717,-0.0024382500745254144,2025-10
2025-10-23,2025-10-01,1.0501704745457257,20,20,1.0501704745457257,5.304155362903615,0.003747137593600014,5.304155362903615,0.0,2025-10
2025-10-24,2025-10-01,1.0559547562655918,20,20,1.0559547562655918,5.3333703614668195,0.005507945481297405,5.3333703614668195,0.0,2025-10
2025-10-27,2025-10-01,1.0710668453889762,20,20,1.0710668453889762,5.409697844014976,0.014311303617617899,5.409697844014976,0.0,2025-10
2025-10-28,2025-10-01,1.054720310441042,20,20,1.054720310441042,5.327135476179904,-0.015261918542532782,5.409697844014976,-0.015261918542532822,2025-10
2025-10-29,2025-10-01,1.0429793175456372,20,20,1.0429793175456372,5.267834579857414,-0.011131854368572225,5.409697844014976,-0.026223879456504583,2025-10
2025-10-30,2025-10-01,1.0519693607027003,20,20,1.0519693607027003,5.313241098875099,0.008619579512102682,5.409697844014976,-0.017830338758493103,2025-10
2025-10-31,2025-10-01,1.0551622825056564,20,20,1.0551622825056564,5.329367769463326,0.0030351851700540777,5.409697844014976,-0.014849271968215852,2025-10
2025-11-04,2025-10-01,1.0714660866521777,20,20,1.0714660866521777,5.411714314424904,0.01545146601317593,5.411714314424904,0.0,2025-11
2025-11-05,2025-10-01,1.0695182264769705,20,20,1.0695182264769705,5.40187614696073,-0.0018179391764916453,5.411714314424904,-0.0018179391764916032,2025-11
2025-11-06,2025-10-01,1.0716624692319225,20,20,1.0716624692319225,5.412706195018371,0.0020048678945987497,5.412706195018371,0.0,2025-11
2025-11-07,2025-10-01,1.0566424158783312,20,20,1.0566424158783312,5.336843562733825,-0.014015656780773988,5.412706195018371,-0.014015656780773945,2025-11
2025-11-10,2025-10-01,1.0611998458343053,20,20,1.0611998458343053,5.359862031761431,0.004313124182305117,5.412706195018371,-0.009762983866660899,2025-11
2025-11-11,2025-10-01,1.062494982675312,20,20,1.062494982675312,5.366403452594932,0.0012204457493005805,5.412706195018371,-0.008554453309520869,2025-11
2025-11-12,2025-10-01,1.074311346600419,20,20,1.074311346600419,5.426085029636496,0.011121336211258104,5.426085029636496,0.0,2025-11
2025-11-13,2025-10-01,1.0770215437295454,20,20,1.0770215437295454,5.43977357543493,0.002522729688839709,5.43977357543493,0.0,2025-11
2025-11-14,2025-10-01,1.0629792159703082,20,20,1.0629792159703082,5.368849197062906,-0.013038112228109133,5.43977357543493,-0.013038112228109163,2025-11
2025-11-17,2025-10-01,1.0680263615086716,20,20,1.0680263615086716,5.394341100257238,0.004748113098106188,5.43977357543493,-0.008351905561447801,2025-11
2025-11-18,2025-10-01,1.0553768666950667,20,20,1.0553768666950667,5.330451581955338,-0.011843803926090857,5.43977357543493,-0.0200967911556596,2025-11
2025-11-19,2025-10-01,1.0471019488916826,20,20,1.0471019488916826,5.288656986974564,-0.007840723124145299,5.43977357543493,-0.027779940904669634,2025-11
2025-11-20,2025-10-01,1.066933639942305,20,19,1.066933639942305,5.388822029690233,0.01893959902530362,5.43977357543493,-0.00936648282104705,2025-11
2025-11-21,2025-10-01,1.0671141079143083,20,20,1.0671141079143083,5.389733529475015,0.00016914638853537944,5.43977357543493,-0.009198920739254149,2025-11
2025-11-25,2025-10-01,1.0792198833643043,20,20,1.0792198833643043,5.450876853660528,0.011344405776489097,5.450876853660528,0.0,2025-11
2025-11-26,2025-10-01,1.0901944227431892,20,20,1.0901944227431892,5.506306579893395,0.010168955880124786,5.506306579893395,0.0,2025-11
2025-11-27,2025-10-01,1.093919548838702,20,20,1.093919548838702,5.5251212847779065,0.00341693739923854,5.5251212847779065,0.0,2025-11
2025-11-28,2025-10-01,1.1064247056349015,20,20,1.1064247056349015,5.5882817868984835,0.011431514145144428,5.5882817868984835,0.0,2025-11
2025-12-01,2025-10-01,1.0946535243217432,20,20,1.0946535243217432,5.528828416228444,-0.010638935711764996,5.5882817868984835,-0.010638935711764958,2025-12
2025-12-02,2025-10-01,1.083710967505702,20,20,1.083710967505702,5.473560226133126,-0.009996365583184286,5.5882817868984835,-0.02052895060415842,2025-12
2025-12-03,2025-10-01,1.073547818979799,20,20,1.073547818979799,5.422228637534643,-0.009378098801837265,5.5882817868984835,-0.02971452687893183,2025-12
2025-12-04,2025-10-01,1.0799752973735166,20,20,1.0799752973735166,5.454692265886728,0.005987137489437355,5.5882817868984835,-0.023905294347352144,2025-12
2025-12-05,2025-10-01,1.0766117338059396,20,20,1.0766117338059396,5.437703725294641,-0.0031144819476494057,5.5882817868984835,-0.026945323687303485,2025-12
2025-12-08,2025-10-01,1.0859909267976562,20,20,1.0859909267976562,5.485075745373802,0.008711769245315804,5.5882817868984835,-0.01846829588419186,2025-12
2025-12-09,2025-10-01,1.086897163142635,20,20,1.086897163142635,5.4896529244945125,0.0008344787443583801,5.5882817868984835,-0.01764922854019329,2025-12
2025-12-10,2025-10-01,1.0975750360657752,20,20,1.0975750360657752,5.5435842606941685,0.00982417958684012,5.5882817868984835,-0.007998438144101228,2025-12
2025-12-11,2025-10-01,1.0925369317496194,20,19,1.0925369317496194,5.518138022511777,-0.004590214017817673,5.5882817868984835,-0.012551937619029176,2025-12
2025-12-12,2025-10-01,1.1116532619640334,20,20,1.1116532619640334,5.614689951825616,0.017497193604064654,5.614689951825616,0.0,2025-12
2025-12-15,2025-10-01,1.1201887144848837,20,20,1.1201887144848837,5.657800444227206,0.007678160819472035,5.657800444227206,0.0,2025-12
2025-12-16,2025-10-01,1.106721916223072,20,20,1.106721916223072,5.589782925212088,-0.01202190138828918,5.657800444227206,-0.012021901388289184,2025-12
2025-12-17,2025-10-01,1.1139886594952344,20,19,1.1139886594952344,5.626485476114175,0.006566006478810671,5.657800444227206,-0.005534830791881699,2025-12
2025-12-18,2025-10-01,1.1072071531690948,20,20,1.1072071531690948,5.592233738877021,-0.006087590091996442,5.657800444227206,-0.011588727102788554,2025-12
2025-12-19,2025-10-01,1.115504291080551,20,20,1.115504291080551,5.634140562213336,0.007493753890324584,5.657800444227206,-0.0041818162812742934,2025-12
2025-12-22,2025-10-01,1.1192549072008617,20,20,1.1192549072008617,5.653084011006585,0.0033622605939755967,5.657800444227206,-0.0008336160433925542,2025-12
2025-12-23,2025-10-01,1.126207728635693,20,20,1.126207728635693,5.6882010191445485,0.006212008891003595,5.6882010191445485,0.0,2025-12
2025-12-24,2025-10-01,1.1279331921265625,20,20,1.1279331921265625,5.696915915107081,0.001532100559245686,5.696915915107081,0.0,2025-12
2025-12-25,2025-10-01,1.1287842967896566,20,20,1.1287842967896566,5.701214637526501,0.0007545701013456085,5.701214637526501,0.0,2025-12
2025-12-26,2025-10-01,1.1283021625196452,20,20,1.1283021625196452,5.698779494722637,-0.00042712701743163883,5.701214637526501,-0.0004271270174315925,2025-12
2025-12-29,2025-10-01,1.144805674388135,20,20,1.144805674388135,5.782134714761422,0.014626854770565467,5.782134714761422,0.0,2025-12
2025-12-30,2025-10-01,1.136893374095696,20,20,1.136893374095696,5.742171612535377,-0.006911478925598402,5.782134714761422,-0.0069114789255984395,2025-12
2026-01-05,2025-10-01,1.1443597609520368,20,20,1.1443597609520368,5.7798825145703105,0.006567358933092349,5.782134714761422,-0.0003895101553689921,2026-01
2026-01-06,2025-10-01,1.1491091525379933,20,20,1.1491091525379933,5.803870535050583,0.004150260912709314,5.803870535050583,0.0,2026-01
2026-01-07,2025-10-01,1.1488278020478147,20,20,1.1488278020478147,5.802449502230191,-0.00024484226720955515,5.803870535050583,-0.0002448422672095172,2026-01
2026-01-08,2025-10-01,1.1535175396080874,20,20,1.1535175396080874,5.826136224751781,0.004082193651575139,5.826136224751781,0.0,2026-01
2026-01-09,2025-10-01,1.1588901974170318,20,20,1.1588901974170318,5.853272211166449,0.0046576299227922835,5.853272211166449,0.0,2026-01
2026-01-13,2025-10-01,1.1743252851020518,20,20,1.1743252851020518,5.931231080803116,0.013318852570693984,5.931231080803116,0.0,2026-01
2026-01-14,2025-10-01,1.1882615683135078,20,20,1.1882615683135078,6.001619853984883,0.011867481172599392,6.001619853984883,0.0,2026-01
2026-01-15,2025-10-01,1.2011513304380403,20,20,1.2011513304380403,6.066722903972043,0.010847579748646474,6.066722903972043,0.0,2026-01
2026-01-16,2025-10-01,1.1938482981172547,20,20,1.1938482981172547,6.0298370659213125,-0.006080026834022867,6.066722903972043,-0.006080026834022819,2026-01
2026-01-19,2025-10-01,1.2001195163819696,20,20,1.2001195163819696,6.061511462409287,0.0052529440085518075,6.066722903972043,-0.0008590208660006781,2026-01
2026-01-20,2025-10-01,1.1990305663032306,20,20,1.1990305663032306,6.056011440707977,-0.0009073680278292029,6.066722903972043,-0.001765609445760861,2026-01
2026-01-21,2025-10-01,1.192969767055266,20,20,1.192969767055266,6.025399819439077,-0.005054749577111273,6.066722903972043,-0.0068114343092728555,2026-01
2026-01-22,2025-10-01,1.204043665470258,20,20,1.204043665470258,6.081331383970577,0.009282631229060367,6.081331383970577,0.0,2026-01
